set,corpus,conv_id,turn_idx,T,R,move,move_conf,t_int,resp,resp_conf,r_int,alive,shy,is_flirt,keep,R_chars,T_chars,R_msgs,R_lat,R_emoji,T_emoji,R_laugh,R_q,overlap,same_emoji,too,R_last,T2_flirt,T2_exists,T2_chars,sess_left_after_R
base,maichat,conv001,17,🥺🥺🥺🥺 so cuteee,Hahah howww / I find it so funny ,compliment_direct,0.5700000000000001,1.2,minimal_ack,0.5700000000000001,0.5700000000000001,0.34,0.19,,True,30,14,2,31.053,False,True,True,False,0.14285714285714285,False,False,False,0.0,True,44.0,13
base,maichat,conv001,26,I am sure it would lovely celebrating all these festivals with youu,🥺🥺🥺 yes please  / I miss you ,invitation_plan,0.73,1.4100000000000001,reciprocate,0.76,2.5,0.89,0.55,,True,26,67,2,22.855,True,False,False,False,0.16666666666666666,False,False,False,1.0,True,67.0,4
base,maichat,conv001,27,🥺🥺🥺 yes please  / I miss you ,I will make sure you enjoy dancing by the end of this conversation😂,miss_longing,1.0,2.39,tease_back,0.7000000000000001,1.92,0.86,0.06,,True,67,26,1,4.11,True,True,True,False,0.14285714285714285,False,False,False,0.0,True,6.0,3
base,maichat,conv001,28,I will make sure you enjoy dancing by the end of this conversation😂,Byee 😂,tease_banter,0.96,1.97,minimal_ack,0.65,0.77,0.27,0.62,,True,6,67,1,31.651,True,True,True,False,0.5,True,False,False,1.0,True,26.0,2
base,maichat,conv001,30,I miss you too😚😚 / Okay byeee,Oh okay bye 😒,miss_longing,0.86,2.08,mock_offense,0.74,0.18,0.14,0.24,,True,13,26,1,37.958,True,True,False,False,0.25,False,False,True,,False,,0
base,maichat,conv002,9,im thinking  / Lets do the second one about a fond memory / Or like your first memorable experience / Mine is throwing away my first baby bottle in the bin / I was really attached to it,LOL  / Cute  / A fond memory is when I bought my first car ,vulnerable_share,0.68,0.81,reciprocate,0.33,0.92,0.43,0.07,,True,53,173,3,2.585,False,False,True,False,0.5833333333333334,False,False,False,0.0,True,99.0,39
base,maichat,conv002,33,The babies are my favorite / You know that,I like Russian gray cats ,compliment_indirect,0.47000000000000003,1.3,ignore_change_topic,0.98,0.05,0.2,0.16,,True,25,39,1,11.93,False,False,False,False,0.0,False,False,False,0.0,True,20.0,15
base,maichat,conv006,13,🥰🥰,omg for me?!,emoji_or_kiss_only,1.0,1.9100000000000001,engage_enthusiastic,0.54,1.6600000000000001,0.8200000000000001,0.68,,True,12,2,1,6.707,False,True,False,True,0.0,False,False,False,0.0,True,114.0,74
base,maichat,conv006,82,and we gave a vary interesting convo,a varied and interesting i'd agree,compliment_indirect,0.65,0.8,reciprocate,0.58,0.61,0.41000000000000003,0.13,,True,34,36,1,10.025,False,False,False,False,0.5,False,False,False,0.0,True,23.0,5
base,maichat,conv007,0,Hey hon,heya!! / did you watch the videos,pet_name_greeting,1.0,2.51,ignore_change_topic,0.53,1.08,0.68,0.1,,True,30,7,2,91.095,False,False,False,False,0.0,False,False,False,0.0,True,11.0,109
base,maichat,conv007,46,hahahaha <3,"i'm just a lil dumb round the edges  / ok yeah i do remember it  / the only like ""themed"" parties i went to were like / my friends decided they wanted to do like a ""ball de promo"" which is like prom or homecoming or whatever you want to call it / but they wanted to do it when we were still like in seconde  / so like 3 years before the end of highschool  / or 2 idk  / but it was really fun we all dressed up in suits and the fem presenting were all summer dresses  / it was so much fun ",emoji_or_kiss_only,0.9500000000000001,1.6400000000000001,ignore_change_topic,0.9400000000000001,0.53,0.35000000000000003,0.66,,True,464,11,9,7.518,False,False,False,False,0.0,False,False,False,1.0,True,32.0,63
base,maichat,conv007,48,I'll bring it when I come visit ,good times  / feels like a 100 years ago ,invitation_plan,0.6000000000000001,0.98,ignore_change_topic,0.92,0.79,0.27,0.12,,True,38,32,2,1.944,False,False,False,False,0.0,False,False,False,0.0,True,71.0,61
base,maichat,conv007,61,that's okay <3  / right!!,ugh I would love that  / Well we'll hopefully be closer to that when I come back !!!,reassurance_validation,0.9,1.12,engage_enthusiastic,0.67,1.05,0.49,0.15,,True,81,22,2,3.229,False,False,False,False,0.0,False,False,False,0.0,True,70.0,48
base,maichat,conv007,106,"Okay I gotta go to work love, I will talk to you soon ",ok speak soon ,affectionate_goodbye,0.76,2.1,minimal_ack,0.8,0.58,0.22,0.07,,True,14,54,1,7.453,False,False,False,False,0.3333333333333333,False,False,False,0.0,True,30.0,3
base,maichat,conv007,109,love you <3,love you too <3,love_declaration,0.99,2.87,reciprocate,1.0,2.93,0.85,0.06,,True,15,11,1,6.534,False,False,False,False,0.75,False,True,True,,False,,0
base,maichat,conv008,80,good luck with your tutorial! and see you later!,thank u😊 see u!,caring_checkin,0.88,0.85,simple_thanks,0.93,0.92,0.31,0.09,,True,15,48,1,31.614,True,False,False,False,0.25,False,False,True,,False,,0
base,maichat,conv019,1,Hey girl m,I cant see your mesage / can you see mine,pet_name_greeting,0.97,1.17,ignore_change_topic,0.96,0.01,0.15,0.18,,True,38,10,2,22.499,False,False,False,False,0.0,False,False,False,0.0,True,21.0,96
base,maichat,conv019,10,"we should go  / im sorry you feel that way, do you want to discuss it further","sweet treat after this? 🤔 / no, i just think I needed to get that off my chest / but now that I have, I feel much better",invitation_plan,0.9,0.8300000000000001,polite_decline,0.37,1.04,0.49,0.2,,True,114,74,3,7.537,True,False,False,True,0.13636363636363635,False,False,False,0.0,True,228.0,87
base,maichat,conv019,78,omg PussyPSA / I love him,what  / is that his name? ,love_declaration,0.65,2.36,ignore_change_topic,0.43,0.03,0.29,0.19,,True,23,22,2,1.754,False,False,False,True,0.0,False,False,False,0.0,True,54.0,19
base,maichat,conv019,88,I always have a sweet treat / speaking of which i have one for you / not on me / its at home,i can't be happy in life without a daily sweet treat  / omg yum  / we'll eat it tonight when we watch the greatest showmamn  / showman ,tease_banter,0.62,1.6800000000000002,engage_enthusiastic,0.9500000000000001,1.22,0.71,0.1,,True,126,83,4,0.671,False,False,False,False,0.16666666666666666,False,False,False,0.0,True,165.0,9
base,maichat,conv019,91,that is so sweet ,like vanilla spongy cake thing,compliment_direct,0.61,1.05,ignore_change_topic,0.93,0.36,0.37,0.17,,True,30,17,1,4.298,False,False,False,False,0.0,False,False,False,0.0,True,44.0,6
base,maichat,conv022,15,ahhh a person of taste i seee,(though that sometimes has tiktok videos too) / taste is a subjective metric,tease_banter,0.47000000000000003,1.11,deflate_humor,0.74,0.32,0.27,0.16,,True,73,29,2,6.417,False,False,False,False,0.16666666666666666,False,True,False,0.0,True,80.0,35
base,maichat,conv022,25,i would enjoy having a panda do cuddle right now / *to,"idk, probably most bears. Pandas are all owned by the Chinese government anyway / did you know? / they loan them out to zoos across the world to countries that they have positive political relations to",miss_longing,0.8300000000000001,1.29,ignore_change_topic,0.93,0.02,0.14,0.08,,True,195,51,3,1.757,False,False,False,True,0.03333333333333333,False,False,False,0.0,True,79.0,25
base,maichat,conv023,130,impressive indeed / you tooo,indeed indeed / ok byeeeeee / bye / bye / bye / bye,compliment_direct,0.26,0.93,reciprocate,0.8200000000000001,0.64,0.32,0.11,,True,36,25,6,2.411,False,False,False,False,0.25,False,False,False,0.0,True,78.0,1
base,maichat,conv025,28,😇😇😇😇😇 / hahahhahahahahhhahahahahahhahahhahahahahhahahahahahahahhahahahhahahahahah / ur so funny conv025_2 u know that,something funny? / actually a couple of people have said that recently,compliment_direct,0.75,1.71,deflate_humor,0.33,0.89,0.63,0.37,,True,67,111,2,5.42,False,True,False,True,0.18181818181818182,False,False,False,0.0,True,62.0,40
base,maichat,conv025,46,dont say that / i dont hate you xxx,"thank you, that makes one of us x",reassurance_validation,0.93,1.97,tease_back,0.62,1.6800000000000002,0.8,0.58,,True,33,32,1,11.067,False,False,False,False,0.25,False,False,False,0.0,True,32.0,22
base,maichat,conv025,50,love sick / for valentines day,ur annoying,tease_banter,0.22,2.46,rude_reject,0.55,0.42,0.24,0.48,,True,11,27,1,7.632,False,False,False,False,0.0,False,False,False,1.0,True,34.0,18
base,maichat,conv025,52,will you be my valentine conv025_2,now i hate you instead,invitation_plan,0.9400000000000001,2.08,tease_back,0.4,0.37,0.26,0.29,,True,22,34,1,1.581,False,False,False,False,0.2,False,False,False,1.0,True,2.0,16
base,maichat,conv025,54,oh,let me check my diary ,mock_offense_pout,0.63,0.07,tease_back,0.72,1.25,0.39,0.51,,True,22,2,1,4.021,False,False,False,False,0.0,False,False,False,1.0,True,35.0,14
base,maichat,conv025,56,so you dont want to be my valentine,yep it's clear / okay I'll be your valentine,mock_offense_pout,0.28,1.01,tease_back,0.18,1.58,0.6900000000000001,0.36,,True,41,35,2,1.73,False,False,False,False,0.25,False,False,False,1.0,True,55.0,12
base,maichat,conv025,58,okay so what should we do / maybe we can play a board game,read our horoscopes together? / and then board game,invitation_plan,1.0,0.99,engage_enthusiastic,0.71,1.34,0.72,0.16,,True,48,55,2,6.534,False,False,False,True,0.25,False,False,False,1.0,True,71.0,10
base,maichat,conv025,59,read our horoscopes together? / and then board game,I LOVE THIS IDEA / what horoscope are you / (you can make one up if you want),invitation_plan,1.0,1.52,engage_enthusiastic,1.0,2.0,0.89,0.24,,True,71,48,3,14.736,False,False,False,False,0.0,False,False,False,1.0,True,23.0,9
base,maichat,conv025,60,I LOVE THIS IDEA / what horoscope are you / (you can make one up if you want),aries - I'm so firey / wbu,invitation_plan,0.24,1.9300000000000002,engage_enthusiastic,0.62,1.3900000000000001,0.84,0.1,,True,23,71,2,13.033,False,False,False,False,0.0,False,False,False,1.0,True,59.0,8
base,maichat,conv025,62,thats so true xx / i think im a gemini because im too faced xx,yeah i kinda get that from you / crazy when they are true,self_deprecation_charm,0.65,1.81,engage_enthusiastic,0.44,1.13,0.77,0.13,,True,54,59,2,11.214,False,False,False,False,0.16666666666666666,False,False,False,1.0,True,7.0,6
base,maichat,conv025,63,yeah i kinda get that from you / crazy when they are true,shut up,tease_banter,0.36,1.18,flustered_accept,0.99,1.27,0.46,0.76,,True,7,54,1,0.776,False,False,False,False,0.0,False,False,False,1.0,True,17.0,5
base,maichat,conv025,64,shut up,sorry  / truth hurts,tease_banter,0.8200000000000001,1.25,tease_back,0.86,1.45,0.76,0.25,,True,17,7,2,17.377,False,False,False,False,0.0,False,False,False,0.0,True,16.0,4
base,maichat,conv025,65,sorry  / truth hurts,i love that song,tease_banter,0.97,1.48,ignore_change_topic,0.86,0.84,0.56,0.44,,True,16,17,1,9.343,False,False,False,False,0.0,False,False,False,0.0,True,26.0,3
base,maichat,conv027,14,Ya. You are a wonderful human being ,The cat video which I saw was particularly cute  / What about you?  / Which video did you liked the most?,compliment_direct,0.99,1.3599999999999999,ignore_change_topic,1.0,0.46,0.29,0.14,,True,99,36,3,8.436,False,False,False,True,0.06666666666666667,False,False,False,0.0,True,70.0,27
base,maichat,conv033,29,i will wear my new top. seeing as you're wearing yours,yay  / fab  / i look forward to it  / I will maybe borrow it one day  / maybe with my skinny jeans ,tease_banter,0.9500000000000001,1.82,engage_enthusiastic,0.6900000000000001,1.77,0.84,0.16,,True,87,54,5,22.028,False,False,False,False,0.1875,False,False,False,0.0,True,104.0,17
base,maichat,conv033,36,hahah  / lucky me  / ;)  / my granola bars might be burning fuck ,praying for them  / elena defo has choc / hidden in her room,tease_banter,0.61,1.79,ignore_change_topic,0.36,0.78,0.47000000000000003,0.08,,True,54,56,3,14.014,False,False,False,False,0.0,False,False,False,1.0,True,145.0,10
base,maichat,conv033,38,back now  / they were fine  / phew!  / only 25 mins of hard work  / do you think shes up yet  / she NEEDS the sleep tbf  / i say let her sleep as long as possible ,i think i heard someone ,caring_checkin,0.49,0.59,ignore_change_topic,0.77,0.04,0.21,0.09,,True,24,145,1,5.764,False,False,False,False,0.5,False,False,False,0.0,True,59.0,8
base,maichat,conv033,43,aw bye time's up / ill miss our chat ,hahahah  / love you  / bye  / bestie ,miss_longing,0.78,1.25,reciprocate,0.99,2.22,0.73,0.08,,True,28,34,4,14.074,False,False,True,False,0.2,False,False,False,1.0,True,21.0,3
base,maichat,conv033,44,hahahah  / love you  / bye  / bestie ,cute love u too / BYEEEE,love_declaration,0.91,2.0,reciprocate,1.0,1.87,0.77,0.07,,True,21,28,2,2.778,False,False,False,False,0.2,False,True,False,0.0,True,80.0,2
base,maichat,conv033,45,cute love u too / BYEEEE,good chat.  / baiii  / we need to do the feedback form  / in the email  / done it  / have you? ,love_declaration,0.91,1.73,ignore_change_topic,0.93,0.89,0.24,0.17,,True,80,21,6,1.639,False,False,False,True,0.0,False,False,False,0.0,True,9.0,1
base,maichat,conv042,36,such great conversation,Trueee,compliment_indirect,0.73,0.98,minimal_ack,0.53,0.76,0.55,0.11,,True,6,23,1,4.649,False,False,False,False,0.0,False,False,False,0.0,True,31.0,97
base,maichat,conv049,1,Hello my love ,How are you tonight ,pet_name_greeting,1.0,2.98,ignore_change_topic,0.93,0.71,0.56,0.08,,True,20,14,1,10.217,False,False,False,False,0.0,False,False,False,0.0,True,23.0,51
base,maichat,conv049,2,How are you tonight ,All good just makin tea,caring_checkin,0.92,0.66,ignore_change_topic,0.86,0.19,0.27,0.06,,True,23,20,1,8.763,False,False,False,False,0.0,False,False,False,0.0,True,19.0,50
base,maichat,conv049,26,"I hope she has a good time with steven and joe, the weather is on their side",Yes it's been loevly today if it is like this on monday do you wanna go for a walk up the braids,caring_checkin,0.62,0.61,ignore_change_topic,0.81,1.08,0.55,0.09,,True,96,76,1,30.004,False,False,False,False,0.18181818181818182,False,False,False,0.0,True,130.0,26
base,maichat,conv049,38,😘😘😘😀 / Are you nearly ready to wathc telly,Yes just getting changed and making a cup of tea,emoji_or_kiss_only,0.64,2.0,ignore_change_topic,0.99,0.17,0.30000000000000004,0.06,,True,48,39,1,20.437,False,True,False,False,0.0,False,False,False,0.0,True,116.0,14
base,maichat,conv049,44,Ill go to camel toe on saturday after yoga xx / (Cameron toll),Please keep up the Yoga,invitation_plan,0.30000000000000004,1.27,ignore_change_topic,0.74,0.81,0.33,0.15,,True,23,59,1,14.182,False,False,False,False,0.2,False,False,False,1.0,True,95.0,8
base,maichat,conv049,45,Please keep up the Yoga,I am trying its just a bit boring / Apparnelty pilates is better / Do you just like me stretchy 🤣🤣 / 🤪🤪🤪,caring_checkin,0.5700000000000001,0.72,tease_back,0.87,1.98,0.87,0.27,,True,95,23,4,10.997,True,False,True,False,0.0,False,False,False,0.0,True,36.0,7
base,maichat,conv049,46,I am trying its just a bit boring / Apparnelty pilates is better / Do you just like me stretchy 🤣🤣 / 🤪🤪🤪,"Now, now. That's for the other chat😆",tease_banter,0.5700000000000001,1.97,polite_decline,0.53,1.35,0.30000000000000004,0.55,,True,36,95,1,21.147,True,True,True,False,0.0,False,False,False,0.0,True,52.0,6
base,maichat,conv049,52,Love you xxx,Love you too,love_declaration,1.0,2.9699999999999998,reciprocate,1.0,2.95,0.73,0.06,,True,12,12,1,4.092,False,False,False,False,0.6666666666666666,False,True,True,,False,,0
base,maichat,conv054,27,I'm preparing for your return. / I got more tins of tuna in sunflower oil.,"oh thats good, thank you.  / I suppose the main thing is the cheese and milk ",caring_checkin,0.52,0.9,simple_thanks,0.52,0.8200000000000001,0.29,0.09,,True,74,71,2,12.025,False,False,False,False,0.07142857142857142,False,False,False,0.0,True,38.0,33
base,maichat,conv054,41,but don't want to interrupt your studying. / great.,"No well that should be fine, I think even if you visit in term time I could possibly find a few days in a row when I can make myself free / the only thing next term is that I will have the extra time constraint of teaching ",caring_checkin,0.76,0.8200000000000001,ignore_change_topic,0.79,0.75,0.42,0.11,,True,220,48,2,27.35,False,False,False,False,0.0,False,False,False,0.0,True,62.0,19
base,maichat,conv054,49,I wouldn't worry about that too much. / Just be honest and say 'I dont know' / but I'll find out.,"No, well in any case it will be good for me to do it even if it doesn't go perfectly  / I will be meeting my supervisor tomorrow to have our last meeting before I come back for Christmas",reassurance_validation,0.97,0.73,ignore_change_topic,0.88,0.09,0.12,0.32,,True,183,91,2,7.423,False,False,False,False,0.06666666666666667,False,False,False,0.0,True,52.0,11
base,maichat,conv054,60,I will speak to you soon or see you when I get home 👍👍,👍👍👍👍 bye for now.,affectionate_goodbye,0.6000000000000001,0.52,minimal_ack,0.8,0.49,0.21,0.05,,True,17,54,1,17.152,True,True,False,False,0.25,True,False,True,,False,,0
base,maichat,conv063,30,talented,so what did u eat today,compliment_direct,0.9500000000000001,0.9500000000000001,ignore_change_topic,1.0,0.05,0.16,0.23,,True,23,8,1,20.0,False,False,False,False,0.0,False,False,False,0.0,True,16.0,28
base,maichat,conv063,47,i hope so / miss u guys,aww same,miss_longing,1.0,1.13,reciprocate,1.0,1.04,0.6900000000000001,0.11,,True,8,20,1,41.0,False,False,False,False,0.0,False,False,False,0.0,True,22.0,11
base,maichat,conv063,48,aww same,family chaos hits diff,miss_longing,0.87,1.02,ignore_change_topic,0.6900000000000001,0.30000000000000004,0.30000000000000004,0.2,,True,22,8,1,25.0,False,False,False,False,0.0,False,False,False,0.0,True,5.0,10
base,maichat,conv063,56,sleep well,u too,affectionate_goodbye,0.87,0.91,reciprocate,0.96,0.6900000000000001,0.26,0.06,,True,5,10,1,12.0,False,False,False,False,0.0,False,True,False,1.0,True,12.0,2
base,maichat,conv063,57,u too,night cousin,affectionate_goodbye,0.78,0.7000000000000001,reciprocate,0.9500000000000001,0.9400000000000001,0.42,0.05,,True,12,5,1,39.0,False,False,False,False,0.0,False,False,False,1.0,True,9.0,1
base,maichat,conv063,58,night cousin,goodnight,affectionate_goodbye,0.7000000000000001,0.9500000000000001,reciprocate,0.72,0.51,0.21,0.06,,True,9,12,1,6.0,False,False,False,False,0.0,False,False,True,,False,,0
base,maichat,conv065,18,hero,pls / i just unplugged and plugged again,compliment_direct,0.54,0.86,deflate_humor,0.91,0.22,0.21,0.62,,True,37,4,2,31.0,False,False,False,False,0.0,False,False,False,0.0,True,11.0,38
base,maichat,conv065,33,u eating properly btw,kinda / had instant noodles,caring_checkin,1.0,0.77,ignore_change_topic,0.36,0.01,0.12,0.16,,True,24,21,2,36.0,False,False,False,False,0.0,False,False,False,0.0,True,7.0,23
base,maichat,conv066,45,im proud,dont sound like my mom,caring_checkin,0.97,1.01,tease_back,0.97,0.55,0.31,0.34,,True,22,8,1,10.0,False,False,False,False,0.0,False,False,False,0.0,True,11.0,8
base,maichat,conv068,0,hello handsome,hi beautiful / what’s up,compliment_direct,0.7000000000000001,1.99,reciprocate,1.0,1.8599999999999999,0.9,0.08,,True,21,14,2,27.0,False,False,False,False,0.0,False,False,False,0.0,True,25.0,54
base,maichat,conv068,1,hi beautiful / what’s up,just got home / im exhausted,compliment_direct,0.76,1.87,ignore_change_topic,1.0,0.04,0.2,0.09,,True,25,21,2,22.0,False,False,False,False,0.0,False,False,False,0.0,True,15.0,53
base,maichat,conv068,13,im proud u survived tho,barely survived,caring_checkin,0.9400000000000001,1.01,deflate_humor,0.87,0.25,0.28,0.19,,True,15,23,1,5.0,False,False,False,False,0.5,False,False,False,1.0,True,14.0,41
base,maichat,conv068,15,u’re strong ok,thanks baby,reassurance_validation,0.5,1.27,simple_thanks,0.89,2.62,0.8200000000000001,0.16,,True,11,14,1,14.0,False,False,False,False,0.0,False,False,False,0.0,True,11.0,39
base,maichat,conv068,16,thanks baby,so what now,pet_name_greeting,0.93,2.52,ignore_change_topic,0.99,0.11,0.31,0.09,,True,11,11,1,9.0,False,False,False,False,0.0,False,False,False,1.0,True,22.0,38
base,maichat,conv068,18,shower / then maybe call?,yes pls / i miss ur face,invitation_plan,0.91,0.76,reciprocate,0.6000000000000001,2.77,0.92,0.21,,True,21,22,2,28.0,False,False,False,False,0.0,False,False,False,1.0,True,30.0,36
base,maichat,conv068,19,yes pls / i miss ur face,its the same face as yesterday,miss_longing,0.99,2.77,deflate_humor,1.0,1.46,0.6000000000000001,0.34,,True,30,21,1,43.0,False,False,False,False,0.16666666666666666,False,False,False,1.0,True,12.0,35
base,maichat,conv068,20,its the same face as yesterday,still my fav,tease_banter,0.53,1.53,reciprocate,0.7000000000000001,2.12,0.93,0.11,,True,12,30,1,6.0,False,False,False,False,0.0,False,False,False,1.0,True,12.0,34
base,maichat,conv068,21,still my fav,ugh ur sweet,compliment_indirect,0.97,2.04,flustered_accept,1.0,1.6800000000000002,0.8200000000000001,0.7000000000000001,,True,12,12,1,37.0,False,False,False,False,0.0,False,False,False,1.0,True,10.0,33
base,maichat,conv068,22,ugh ur sweet,only for u,compliment_direct,0.88,1.8599999999999999,reciprocate,0.73,2.19,0.93,0.12,,True,10,12,1,13.0,False,False,False,False,0.0,False,False,False,0.0,True,39.0,32
base,maichat,conv068,23,only for u,we’re supposed to chat for the task btw,compliment_indirect,0.74,2.01,ignore_change_topic,1.0,0.05,0.16,0.36,,True,39,10,1,29.0,False,False,False,False,0.1111111111111111,False,False,False,1.0,True,31.0,31
base,maichat,conv068,25,oh right / look how natural we are,very organic convo lol,tease_banter,0.65,1.2,tease_back,0.58,0.92,0.47000000000000003,0.25,,True,22,31,1,36.0,False,False,True,False,0.0,False,False,False,1.0,True,17.0,29
base,maichat,conv068,30,wow im impressed,don’t sound shocked,tease_banter,0.8,1.09,tease_back,0.73,0.71,0.36,0.26,,True,19,16,1,43.0,False,False,False,False,0.0,False,False,False,0.0,True,19.0,24
base,maichat,conv068,43,u eating properly tho,yes i did,caring_checkin,1.0,0.64,minimal_ack,0.74,0.01,0.17,0.1,,True,9,21,1,9.0,False,False,False,False,0.0,False,False,False,1.0,True,4.0,11
base,maichat,conv068,45,good,why are we so domestic,reassurance_validation,0.39,0.66,tease_back,0.8300000000000001,1.7000000000000002,0.66,0.55,,True,22,4,1,39.0,False,False,False,False,0.0,False,False,False,1.0,True,23.0,9
base,maichat,conv068,47,because we’re old souls,or just tired,tease_banter,0.81,1.57,deflate_humor,0.77,0.67,0.43,0.22,,True,13,23,1,45.0,False,False,False,False,0.0,False,False,False,0.0,True,4.0,7
base,maichat,conv068,53,never,text u in 10,reassurance_validation,0.97,1.53,ignore_change_topic,0.91,1.34,0.77,0.14,,True,12,5,1,7.0,False,False,False,False,0.0,False,False,False,1.0,True,17.0,1
base,maichat,conv070,28,that was vulnerable,HELP,compliment_indirect,0.42,1.2,flustered_accept,0.8300000000000001,0.12,0.2,0.85,,True,4,19,1,11.0,False,False,False,False,0.0,False,False,False,0.0,True,53.0,59
base,maichat,conv070,41,did you eat today btw,coffee counts right,caring_checkin,1.0,0.73,deflate_humor,0.63,0.22,0.22,0.45,,True,19,21,1,21.0,False,False,False,False,0.0,False,False,False,0.0,True,14.0,46
base,maichat,conv070,70,wait thats kinda sweet,dont get used to it,compliment_indirect,0.79,1.33,tease_back,0.55,1.26,0.27,0.63,,True,19,22,1,7.0,False,False,False,False,0.0,False,False,False,1.0,True,11.0,17
base,maichat,conv070,72,too late <3,finish at least 5 pages tonight,tease_banter,0.38,2.01,ignore_change_topic,0.98,0.19,0.15,0.36,,True,31,11,1,44.0,False,False,False,False,0.0,False,False,False,1.0,True,3.0,15
base,maichat,conv070,79,look at us being productive,dont jinx it,tease_banter,0.36,0.88,tease_back,0.5,0.48,0.30000000000000004,0.19,,True,12,27,1,9.0,False,False,False,False,0.0,False,False,False,0.0,True,11.0,8
base,maichat,conv078,7,stoppp / but fr that edit was savage,the slow motion replay killed me / and the dramatic music 💀,mock_offense_pout,0.28,0.27,engage_enthusiastic,0.89,0.16,0.1,0.04,,True,56,33,2,24.0,True,False,False,False,0.0,False,False,False,0.0,True,25.0,44
base,maichat,conv079,22,im proud for u,why was he beefing with a closed door,caring_checkin,0.9500000000000001,1.1400000000000001,ignore_change_topic,0.93,0.07,0.19,0.18,,True,37,14,1,24.0,False,False,False,False,0.0,False,False,False,0.0,True,32.0,49
base,maichat,conv081,70,i love how you understand me,i live with you. i have to.,compliment_indirect,1.0,1.92,deflate_humor,0.52,0.97,0.28,0.13,,True,27,28,1,30.0,False,False,False,False,0.3333333333333333,False,False,False,0.0,True,24.0,10
base,maichat,conv082,54,btw did you eat,yes,caring_checkin,1.0,0.59,minimal_ack,0.75,0.01,0.15,0.05,,True,3,15,1,39.0,False,False,False,False,0.0,False,False,False,0.0,True,4.0,25
base,maichat,conv082,62,im proud actually,thank you,caring_checkin,0.9400000000000001,1.04,simple_thanks,1.0,0.8200000000000001,0.44,0.2,,True,9,17,1,41.0,False,False,False,False,0.0,False,False,False,0.0,True,17.0,17
base,maichat,conv084,6,classic / u deserve a raise tbh,say that louder,reassurance_validation,0.81,0.79,tease_back,0.67,0.73,0.42,0.46,,True,15,28,1,35.0,False,False,False,False,0.0,False,False,False,0.0,True,16.0,50
base,maichat,conv084,56,goodnight cousin,nighttt 💫,affectionate_goodbye,0.74,1.02,reciprocate,0.6000000000000001,1.01,0.45,0.06,,True,9,16,1,6.0,True,False,False,False,0.0,False,False,True,,False,,0
base,maichat,conv086,41,aww ok that was kinda sweet,dont screenshot it,compliment_indirect,0.53,1.3,tease_back,0.73,1.5,0.51,0.78,,True,18,27,1,6.0,False,False,False,False,0.0,False,False,False,0.0,True,10.0,11
base,maichat,conv086,44,brat,hehe / btw this chat is def natural enough right,tease_banter,1.0,1.72,ignore_change_topic,0.5,1.28,0.74,0.52,,True,45,4,2,37.0,False,False,True,False,0.0,False,False,False,0.0,True,49.0,8
base,maichat,conv086,49,love u dad,love u too / now go eat real food,love_declaration,0.98,2.04,reciprocate,0.96,1.97,0.59,0.11,,True,30,10,2,18.0,False,False,False,False,0.25,False,True,False,0.0,True,36.0,3
base,maichat,conv086,50,love u too / now go eat real food,yes sir / bye before u assign me chores,love_declaration,0.99,1.77,tease_back,0.97,1.17,0.6000000000000001,0.1,,True,36,30,2,16.0,False,False,False,False,0.125,False,False,False,0.0,True,26.0,2
base,maichat,conv089,43,it’s cute tho / very u,thats all i needed to hear / purchasing now 💳,compliment_direct,0.66,1.03,engage_enthusiastic,0.84,0.64,0.38,0.09,,True,42,19,2,39.0,True,False,False,False,0.0,False,False,False,0.0,True,22.0,16
base,maichat,conv089,51,proud of u,dont jinx it,caring_checkin,1.0,1.01,tease_back,0.81,0.87,0.5,0.41000000000000003,,True,12,10,1,12.0,False,False,False,False,0.0,False,False,False,1.0,True,34.0,8
base,maichat,conv089,53,fine / text me in 30 if ur distracted,u know me too well,caring_checkin,0.92,1.07,tease_back,0.30000000000000004,1.18,0.63,0.26,,True,18,34,1,26.0,False,False,False,False,0.2,False,True,False,0.0,True,17.0,6
base,maichat,conv089,54,u know me too well,unfortunately yes,compliment_indirect,0.89,1.16,tease_back,0.84,1.28,0.65,0.11,,True,17,18,1,27.0,False,False,False,False,0.0,False,False,False,1.0,True,10.0,5
base,maichat,conv089,56,love u tho,love u more idiot,love_declaration,1.0,2.84,tease_back,0.49,2.87,0.89,0.09,,True,17,10,1,10.0,False,False,False,False,0.5,False,False,False,0.0,True,31.0,3
base,maichat,conv089,57,love u more idiot,im telling ppl u called me that,love_declaration,0.76,2.84,tease_back,0.8,1.7000000000000002,0.78,0.17,,True,31,17,1,41.0,False,False,False,False,0.14285714285714285,False,False,False,1.0,True,10.0,2
base,maichat,conv089,59,pls dont 😭,hehe ttyl,mock_offense_pout,0.76,1.35,minimal_ack,0.55,1.06,0.52,0.11,,True,9,10,1,20.0,False,True,True,False,0.0,False,False,True,,False,,0
base,maichat,conv090,6,respect the dedication,what are u doing,tease_banter,0.44,0.74,ignore_change_topic,0.93,0.03,0.17,0.12,,True,16,22,1,6.0,False,False,False,False,0.0,False,False,False,0.0,True,20.0,82
base,maichat,conv090,12,its giving enemies to lovers,you and productivity will never happen,tease_banter,0.9,1.76,tease_back,0.96,1.1,0.56,0.13,,True,38,28,1,29.0,False,False,False,False,0.0,False,False,False,1.0,True,7.0,76
base,maichat,conv090,14,rude???,affectionately rude <3,mock_offense_pout,1.0,1.28,tease_back,0.71,1.9300000000000002,0.91,0.08,,True,22,7,1,6.0,False,False,False,False,0.3333333333333333,False,False,False,1.0,True,11.0,74
base,maichat,conv090,15,affectionately rude <3,acceptable.,tease_banter,0.81,1.9,minimal_ack,0.89,0.89,0.71,0.12,,True,11,22,1,12.0,False,False,False,False,0.0,False,False,False,0.0,True,28.0,73
base,maichat,conv090,16,acceptable.,did u finish that report btw,reassurance_validation,0.35000000000000003,0.64,ignore_change_topic,1.0,0.19,0.25,0.09,,True,28,11,1,22.0,False,False,False,False,0.0,False,False,False,1.0,True,13.0,72
base,maichat,conv090,18,define finish,oh no,tease_banter,1.0,0.46,minimal_ack,0.32,0.33,0.4,0.4,,True,5,13,1,45.0,False,False,False,False,0.0,False,False,False,0.0,True,17.0,70
base,maichat,conv090,26,quality over quantity babe,deadline today right,pet_name_greeting,0.96,2.14,ignore_change_topic,1.0,0.01,0.14,0.17,,True,20,26,1,41.0,False,False,False,False,0.0,False,False,False,1.0,True,44.0,62
base,maichat,conv090,28,11:59pm we believe in last minute miracles ✨,u stress me out,tease_banter,0.52,1.04,rude_reject,0.42,0.17,0.23,0.46,,True,15,44,1,38.0,False,True,False,False,0.0,False,False,False,0.0,True,21.0,60
base,maichat,conv090,40,but he listened... like actually listened,the bar is on the floor,compliment_indirect,0.68,1.48,deflate_humor,0.63,0.36,0.51,0.05,,True,23,41,1,44.0,False,False,False,False,0.0,False,False,False,0.0,True,17.0,48
base,maichat,conv090,61,anyway did u eat,i had coffee,caring_checkin,1.0,0.81,ignore_change_topic,0.8200000000000001,0.03,0.22,0.25,,True,12,16,1,25.0,False,False,False,False,0.0,False,False,False,0.0,True,14.0,27
base,maichat,conv090,65,go eat smth pls,fineeee ill make eggs,caring_checkin,0.99,0.71,flustered_accept,0.29,0.4,0.2,0.28,,True,21,15,1,5.0,False,False,False,False,0.0,False,False,False,1.0,True,11.0,23
base,maichat,conv090,67,add veggies,who do u think i am,caring_checkin,0.8200000000000001,0.30000000000000004,mock_offense,0.48,0.34,0.27,0.28,,True,19,11,1,13.0,False,False,False,False,0.0,False,False,False,0.0,True,27.0,21
base,maichat,conv090,71,as u should ✨,also gym later?,tease_banter,0.63,1.25,ignore_change_topic,1.0,0.11,0.34,0.11,,True,15,13,1,8.0,False,True,False,True,0.0,False,True,False,0.0,True,8.0,17
base,maichat,conv090,85,always with intensity 😌,love that for us <33,tease_banter,0.51,1.67,reciprocate,0.51,2.41,0.92,0.05,,True,20,23,1,45.0,False,True,False,False,0.0,False,False,False,0.0,True,34.0,3
base,maichat,conv090,86,love that for us <33,ok now GO write at least 100 words,compliment_indirect,0.56,2.31,ignore_change_topic,0.93,0.56,0.29,0.05,,True,34,20,1,21.0,False,False,False,False,0.0,False,False,False,0.0,True,18.0,2
base,maichat,conv091,30,affectionate.,acceptable.,compliment_direct,0.47000000000000003,1.28,minimal_ack,0.79,0.75,0.52,0.17,,True,11,13,1,40.0,False,False,False,False,0.0,False,False,False,1.0,True,15.0,57
base,maichat,conv091,32,did you eat btw,i had noodles,caring_checkin,1.0,0.7000000000000001,ignore_change_topic,0.88,0.03,0.28,0.07,,True,13,15,1,41.0,False,False,False,False,0.0,False,False,False,1.0,True,7.0,55
base,maichat,conv091,34,again??,dont judge my coping mechanisms,mock_offense_pout,0.47000000000000003,0.84,tease_back,0.67,1.09,0.68,0.53,,True,31,7,1,17.0,False,False,False,False,0.0,False,False,False,0.0,True,38.0,53
base,maichat,conv091,60,i was hoping you'd ask,why,tease_banter,0.63,1.62,tease_back,0.25,0.15,0.53,0.09,,True,3,22,1,34.0,False,False,False,False,0.0,False,False,False,0.0,True,22.0,27
base,maichat,conv091,87,roommate solidarity,always (when convenient),tease_banter,0.30000000000000004,0.91,tease_back,0.63,0.8,0.4,0.24,,True,24,19,1,5.0,False,False,False,False,0.0,False,False,True,,False,,0
base,maichat,conv092,0,yo babe u there,hey love / im here,pet_name_greeting,1.0,2.32,reciprocate,0.96,2.92,0.93,0.07,,True,15,15,2,20.0,False,False,False,False,0.0,False,False,False,1.0,True,10.0,67
base,maichat,conv092,1,hey love / im here,guess what,pet_name_greeting,1.0,2.88,ignore_change_topic,0.93,0.45,0.65,0.1,,True,10,15,1,11.0,False,False,False,False,0.0,False,False,False,0.0,True,6.0,66
base,maichat,conv092,4,i saw a couple that reminded me of us,good or bad 😭,vulnerable_share,0.47000000000000003,1.78,engage_enthusiastic,0.85,1.57,0.8200000000000001,0.23,,True,13,37,1,27.0,True,False,False,False,0.0,False,False,False,1.0,True,37.0,63
base,maichat,conv092,6,good obv / they were laughing at nothing,ok thats literally us,compliment_indirect,0.66,1.87,engage_enthusiastic,0.58,1.8399999999999999,0.89,0.12,,True,21,37,1,25.0,False,False,False,False,0.0,False,False,False,1.0,True,7.0,61
base,maichat,conv092,7,ok thats literally us,exactly,compliment_indirect,0.63,1.85,minimal_ack,0.71,1.15,0.81,0.06,,True,7,21,1,31.0,False,False,False,False,0.0,False,False,False,1.0,True,30.0,60
base,maichat,conv092,8,exactly,we laugh at the dumbest things,reassurance_validation,0.45,1.27,engage_enthusiastic,0.76,1.53,0.89,0.1,,True,30,7,1,35.0,False,False,False,False,0.0,False,False,False,1.0,True,22.0,59
base,maichat,conv092,9,we laugh at the dumbest things,hey our humor is elite,compliment_indirect,0.6000000000000001,1.62,tease_back,0.86,1.77,0.89,0.09,,True,22,30,1,42.0,False,False,False,False,0.0,False,False,False,0.0,True,6.0,58
base,maichat,conv092,10,hey our humor is elite,sureee,tease_banter,0.47000000000000003,1.6800000000000002,tease_back,0.6900000000000001,1.02,0.38,0.26,,True,6,22,1,45.0,False,False,False,False,0.0,False,False,False,1.0,True,4.0,57
base,maichat,conv092,12,rude,jk jk,mock_offense_pout,0.99,0.54,deflate_humor,0.35000000000000003,0.63,0.54,0.18,,True,5,4,1,45.0,False,False,False,False,0.0,False,False,False,0.0,True,19.0,55
base,maichat,conv092,25,come here / im sending u cuddles,received / system updated,miss_longing,0.73,1.94,deflate_humor,0.45,1.55,0.74,0.19,,True,22,29,2,14.0,False,False,False,False,0.0,False,False,False,1.0,True,4.0,42
base,maichat,conv092,32,talent,so what’s the plan this weekend,compliment_direct,0.5700000000000001,0.7000000000000001,ignore_change_topic,1.0,0.15,0.25,0.09,,True,31,6,1,41.0,False,False,False,False,0.0,False,False,False,0.0,True,12.0,35
base,maichat,conv092,40,im not complaining,aww,reassurance_validation,0.36,1.27,simple_thanks,0.44,1.42,0.84,0.46,,True,3,18,1,33.0,False,False,False,False,0.0,False,False,False,0.0,True,9.0,27
base,maichat,conv092,41,aww,or horror,compliment_indirect,0.59,1.5,tease_back,0.53,0.76,0.47000000000000003,0.26,,True,9,3,1,23.0,False,False,False,False,0.0,False,False,False,1.0,True,2.0,26
base,maichat,conv092,43,NO,hehe,mock_offense_pout,0.32,0.5,minimal_ack,0.98,1.19,0.75,0.18,,True,4,2,1,15.0,False,False,True,False,0.0,False,False,False,1.0,True,14.0,24
base,maichat,conv092,44,hehe,u know im weak,tease_banter,0.91,1.22,flustered_accept,0.66,1.58,0.8,0.65,,True,14,4,1,39.0,False,False,False,False,0.0,False,False,False,1.0,True,17.0,23
base,maichat,conv092,45,u know im weak,thats why its fun,self_deprecation_charm,0.76,1.11,tease_back,0.86,1.3900000000000001,0.78,0.07,,True,17,14,1,34.0,False,False,False,False,0.0,False,False,False,0.0,True,11.0,22
base,maichat,conv092,46,thats why its fun,evil energy,tease_banter,0.81,0.99,tease_back,0.84,0.9500000000000001,0.67,0.17,,True,11,17,1,37.0,False,False,False,False,0.0,False,False,False,0.0,True,13.0,21
base,maichat,conv092,49,btw did u drink water,yes i did,caring_checkin,1.0,0.76,minimal_ack,0.65,0.03,0.19,0.06,,True,9,21,1,31.0,False,False,False,False,0.3333333333333333,False,False,False,1.0,True,4.0,18
base,maichat,conv092,51,good,why are we always checking on each other,caring_checkin,0.62,0.67,tease_back,0.8200000000000001,1.2,0.55,0.30000000000000004,,True,40,4,1,34.0,False,False,False,False,0.0,False,False,False,1.0,True,10.0,16
base,maichat,conv092,53,bc we care,true,caring_checkin,0.5700000000000001,1.05,minimal_ack,0.96,0.6900000000000001,0.47000000000000003,0.14,,True,4,10,1,16.0,False,False,False,False,0.0,False,False,False,0.0,True,23.0,14
base,maichat,conv092,54,true,im kinda sleepy already,reassurance_validation,0.61,0.66,ignore_change_topic,1.0,0.17,0.29,0.12,,True,23,4,1,11.0,False,False,False,False,0.0,False,False,False,0.0,True,11.0,13
base,maichat,conv092,61,call before sleeping?,ofc,invitation_plan,0.98,1.22,minimal_ack,0.5,1.02,0.62,0.05,,True,3,21,1,7.0,False,False,False,False,0.0,False,False,False,1.0,True,33.0,6
base,maichat,conv092,63,i like falling asleep to ur voice,that’s the softest thing u’ve said,vulnerable_share,0.76,2.56,reciprocate,0.76,2.14,0.88,0.34,,True,34,33,1,37.0,False,False,False,False,0.0,False,False,False,1.0,True,14.0,4
base,maichat,conv092,64,that’s the softest thing u’ve said,dont expose me,compliment_indirect,0.99,2.05,flustered_accept,1.0,1.7000000000000002,0.55,0.93,,True,14,34,1,20.0,False,False,False,False,0.0,False,False,False,1.0,True,8.0,3
base,maichat,conv092,65,dont expose me,too late,vulnerable_share,0.38,1.13,tease_back,0.93,1.65,0.5700000000000001,0.17,,True,8,14,1,35.0,False,False,False,False,0.0,False,True,False,1.0,True,14.0,2
base,maichat,conv092,66,too late,ok call me now,tease_banter,0.97,1.8399999999999999,engage_enthusiastic,0.38,2.01,0.85,0.52,,True,14,8,1,20.0,False,False,False,False,0.0,False,False,False,1.0,True,8.0,1
base,maichat,conv092,67,ok call me now,coming 🥰,invitation_plan,0.99,1.72,engage_enthusiastic,0.65,2.09,0.93,0.11,,True,8,14,1,38.0,True,False,False,False,0.0,False,False,True,,False,,0
base,maichat,conv093,2,why u sound like u just came back from war / its just thursday babe,thursday IS war wym / my brain stopped functioning at like 2pm,pet_name_greeting,0.78,1.98,tease_back,0.49,0.47000000000000003,0.4,0.13,,True,59,64,2,23.0,False,False,False,False,0.2727272727272727,False,False,False,0.0,True,65.0,45
base,maichat,conv093,10,anyway u eat yet,ummm / define eat,caring_checkin,0.99,0.64,tease_back,0.52,0.78,0.44,0.45,,True,14,16,2,39.0,False,False,False,False,0.3333333333333333,False,False,False,0.0,True,52.0,37
base,maichat,conv093,24,loving tho 💅,whatever / what u doing now,love_declaration,0.37,1.51,ignore_change_topic,0.88,0.35000000000000003,0.31,0.22,,True,24,12,2,44.0,False,True,False,False,0.0,False,False,False,0.0,True,70.0,23
base,maichat,conv093,41,ok go study / im making ramen before i pass out,send pic / proof of real food,caring_checkin,0.79,0.9400000000000001,tease_back,0.86,1.1400000000000001,0.56,0.09,,True,26,44,2,22.0,False,False,False,False,0.0,False,False,False,0.0,True,24.0,6
base,maichat,conv093,46,bestie tho,ugh fine ttyl,pet_name_greeting,0.78,1.3599999999999999,flustered_accept,0.35000000000000003,0.53,0.24,0.23,,True,13,10,1,36.0,False,False,False,False,0.0,False,False,False,1.0,True,12.0,1
base,maichat,conv095,1,why u texting like we dont talk everyday,idk felt mysterious,tease_banter,0.7000000000000001,1.71,tease_back,0.55,1.67,0.71,0.54,,True,19,40,1,43.0,False,False,False,False,0.0,False,False,False,0.0,True,8.0,52
base,maichat,conv095,21,thats kinda cute ngl,its NOT my name 😭,compliment_indirect,0.62,1.24,mock_offense,0.76,0.35000000000000003,0.34,0.65,,True,17,20,1,29.0,True,False,False,False,0.0,False,False,False,0.0,True,20.0,32
base,maichat,conv095,47,never ❤️,liar,tease_banter,0.56,1.83,tease_back,0.97,1.3,0.78,0.26,,True,4,8,1,17.0,False,True,False,False,0.0,False,False,False,1.0,True,13.0,6
base,maichat,conv095,49,a loving liar,fine i accept,tease_banter,0.75,2.04,simple_thanks,0.37,1.26,0.77,0.26,,True,13,13,1,12.0,False,False,False,False,0.0,False,False,False,0.0,True,33.0,4
base,whatsapp_nl,wa_M_001,20,Hele goede reis en fijne vakantie. Je zit zeker al bijna in het vliegtuig? Liefs ook voor [REMOVED]. X,Nee :( / <‎afbeelding weggelaten> / Krijgen net te horen dat we een uur en veertig minuten vertraging hebben / Maar dankjewel 😊,affectionate_goodbye,0.92,1.49,simple_thanks,0.41000000000000003,0.93,0.31,0.21,,True,118,102,4,240.0,True,False,False,False,0.05263157894736842,False,False,False,1.0,True,45.0,3
base,whatsapp_nl,wa_M_001,22,Balen zeg maar laat de pret niet bederven....,"Nee hoor, we zijn lekker iets gaan drinken",reassurance_validation,0.48,0.92,ignore_change_topic,0.72,0.30000000000000004,0.25,0.09,,True,42,45,1,900.0,False,False,False,False,0.0,False,False,False,0.0,True,13.0,1
base,whatsapp_nl,wa_M_001,25,"Hoi [REMOVED], hoe gaat het met je? En met je ouders? Is er al een oplossing voor de nachten? Xx",Het gaat ietsje beter. We wisselen het een beetje af. Nu een vriendin van mijn moeder. Maar genieten jullie maar lekker daar. Tot gauw. Liefs voor jullie beiden.😘,caring_checkin,0.89,1.1,reciprocate,0.49,1.22,0.46,0.18,,True,162,96,1,2700.0,True,False,False,False,0.16,False,False,False,0.0,True,79.0,1
base,whatsapp_nl,wa_M_001,26,Het gaat ietsje beter. We wisselen het een beetje af. Nu een vriendin van mijn moeder. Maar genieten jullie maar lekker daar. Tot gauw. Liefs voor jullie beiden.😘,Goed om te horen. Wij genieten zeker. Het is echt top hier 😙 / Sterkte namens ons!,affectionate_goodbye,0.96,1.1400000000000001,reciprocate,0.37,1.08,0.54,0.06,,True,79,162,2,60.0,True,True,False,False,0.125,False,False,True,,False,,0
base,whatsapp_nl,wa_M_001,30,"Haha ja vind ik oik. Metmij is het goed hoir. Ik ben nubijpoap. Morgen mam uit het ziekenhuis halen. Spannend he van je scriptie, maar dat komt zeker goed👍😘 / Beetje te snel getypt....😛","Lief dat jullie zo goed voor hen zorgen. Ik had nog een kaart gestuurd in [REMOVED], maar die komt misschien heel laat. Fijn dat het goed met jou gaat. Ik zit nog even in spanning, maar ik heb goede hoop!",reassurance_validation,0.42,1.87,ignore_change_topic,0.65,1.02,0.44,0.12,,True,204,182,1,60.0,False,True,False,False,0.18181818181818182,False,False,False,0.0,True,61.0,3
base,whatsapp_nl,wa_M_001,44,Dat weet ik niet. Vanaf [REMOVED] en je kan natuurlijkaltijd weg. / Wel gezellig als jullie erbijzijn.,In principe zijn wij er! / Els viert de dag ervoor haar verjaardag,invitation_plan,0.74,0.93,ignore_change_topic,0.79,0.43,0.24,0.08,,True,63,99,2,60.0,False,False,False,False,0.0,False,False,False,0.0,True,22.0,2
base,whatsapp_nl,wa_M_001,53,Leuke foto👍,😊 bedankt,compliment_direct,0.84,0.93,simple_thanks,1.0,0.87,0.36,0.16,,True,9,11,1,7800.0,True,True,False,False,0.0,False,False,True,,False,,0
base,whatsapp_nl,wa_M_002,9,Ooh ja dus.. En ook moeilijk omdat ik niet meer hier studeer / Maar wel heel attent van je! / 😃,Maar je studeert nog wel toch? / En irritant dat het zo werkt,compliment_indirect,0.55,1.1400000000000001,ignore_change_topic,0.9400000000000001,0.66,0.36,0.17,,True,58,89,2,60.0,False,True,False,True,0.3333333333333333,False,False,False,0.0,True,49.0,34
base,whatsapp_nl,wa_M_002,15,"Maar echt chill dat je meekijkt. Ik hoef niet perse weg bij moenen ofzo hoor, maar wel handig om opties open te houden 😁 / Je wil me eigenlijk gewoon zo snel mogelijk weg hebben he? 😉",Ja en twee kleinere banen zou ook kunnen natuurlijk / Ik keek eigenlijk naar iets kleins erbij 😁,tease_banter,0.91,1.9100000000000001,ignore_change_topic,0.9400000000000001,0.58,0.55,0.21,,True,93,180,2,0.0,True,True,True,False,0.17647058823529413,True,True,False,0.0,True,23.0,28
base,whatsapp_nl,wa_M_002,18,Ja! / Ik wil je natuurlijk niet laten gaan / Dat kan ik gewoon niet aan / Al zeg je dat het beter is,Haha uhuh tuurlijk / Voor jezelf ook?,vulnerable_share,0.75,2.7800000000000002,tease_back,0.9500000000000001,1.8,0.81,0.24,,True,34,91,2,60.0,False,False,True,True,0.0,False,True,False,1.0,True,21.0,25
base,whatsapp_nl,wa_M_002,19,Haha uhuh tuurlijk / Voor jezelf ook?,Haha / Het is een liedje,tease_banter,0.97,1.79,deflate_humor,0.85,0.7000000000000001,0.37,0.5700000000000001,,True,21,34,2,0.0,False,False,True,False,0.2,False,False,False,1.0,True,16.0,24
base,whatsapp_nl,wa_M_002,21,Hahaha ooh 😳 / Oeps,Hahaha,tease_banter,0.53,1.32,minimal_ack,1.0,0.72,0.56,0.4,,True,6,16,1,60.0,False,True,True,False,1.0,False,False,False,0.0,True,74.0,22
base,whatsapp_nl,wa_M_002,41,"Nou, als een van ons het ooit lukt, kunnen we voor elkaar komen werken 😉","<media weggelaten> / Ook broodjes / Ik ben aan het soggen op stage, haha",invitation_plan,0.68,1.9500000000000002,ignore_change_topic,0.84,0.6900000000000001,0.41000000000000003,0.44,,True,66,72,3,0.0,False,True,True,False,0.08333333333333333,False,True,False,0.0,True,55.0,2
base,whatsapp_nl,wa_M_002,56,Jij succes met alles dan!,Thanks!,caring_checkin,0.92,0.7000000000000001,simple_thanks,1.0,0.17,0.14,0.15,,True,7,25,1,60.0,False,False,False,False,0.0,False,False,True,,False,,0
base,whatsapp_nl,wa_M_003,6470, Ik wil antikater seks , Ik ook zo graag!  /  Even lekker lepeltje lepeltje  /  Wel rustig seksen  /  Naja misschien ook wel hard 😇 ,innuendo_sexual,0.97,2.96,engage_enthusiastic,0.79,2.33,0.92,0.37,,True,99,23,4,60.0,True,False,False,False,0.07142857142857142,False,True,False,1.0,True,51.0,12
base,whatsapp_nl,wa_M_003,6471, Ik ook zo graag!  /  Even lekker lepeltje lepeltje  /  Wel rustig seksen  /  Naja misschien ook wel hard 😇 , Mij maakt het niet uit. Ik wil gewoon seksen👃👊💦💦👅 ,innuendo_sexual,0.71,2.5,escalate,0.88,3.83,0.89,0.07,,True,51,99,1,60.0,True,True,False,False,0.15384615384615385,False,False,False,1.0,True,46.0,11
base,whatsapp_nl,wa_M_003,6472, Mij maakt het niet uit. Ik wil gewoon seksen👃👊💦💦👅 , Hahaha  /  En tijdens de seks een boks geven? 👊 ,innuendo_sexual,0.97,3.7800000000000002,tease_back,0.98,1.9500000000000002,0.89,0.11,,True,46,51,2,60.0,True,True,True,True,0.1111111111111111,True,False,False,1.0,True,21.0,10
base,whatsapp_nl,wa_M_003,6473, Hahaha  /  En tijdens de seks een boks geven? 👊 , Jaa kan ooo nog wel ,tease_banter,0.54,2.19,engage_enthusiastic,0.74,1.97,0.85,0.12,,True,21,46,1,0.0,False,True,False,False,0.0,False,False,False,1.0,True,9.0,9
base,whatsapp_nl,wa_M_003,6474, Jaa kan ooo nog wel , 😘  /  Geil ,innuendo_sexual,0.48,2.36,escalate,0.33,2.81,0.92,0.08,,True,9,21,2,420.0,True,False,False,False,0.0,False,False,False,1.0,True,3.0,8
base,whatsapp_nl,wa_M_003,6475, 😘  /  Geil , 😍 ,innuendo_sexual,0.75,3.01,minimal_ack,0.7000000000000001,2.07,0.91,0.09,,True,3,9,1,180.0,True,True,False,False,0.0,False,False,False,1.0,True,31.0,7
base,whatsapp_nl,wa_M_003,6476, 😍 , Man man  /  Zoveel zin in morgen ,emoji_or_kiss_only,1.0,2.07,engage_enthusiastic,0.43,2.5,0.91,0.13,,True,31,3,2,120.0,False,True,False,False,0.0,False,False,False,1.0,True,14.0,6
base,whatsapp_nl,wa_M_003,6477, Man man  /  Zoveel zin in morgen , Ik ook schat ,miss_longing,0.37,2.33,reciprocate,0.99,2.66,0.92,0.05,,True,14,31,1,60.0,False,False,False,False,0.0,False,True,False,1.0,True,78.0,5
base,whatsapp_nl,wa_M_003,6478, Ik ook schat , Ik ben lekker met m'n tietjes aan het spelen  /  Kom je er ook even aan zitten? ,pet_name_greeting,0.8200000000000001,2.75,escalate,0.93,3.91,0.9500000000000001,0.06,,True,78,14,2,2220.0,False,False,False,True,0.13333333333333333,False,True,False,1.0,True,7.0,4
base,whatsapp_nl,wa_M_003,6479, Ik ben lekker met m'n tietjes aan het spelen  /  Kom je er ook even aan zitten? , Jaaaa ,innuendo_sexual,0.96,3.96,engage_enthusiastic,0.8200000000000001,2.71,0.89,0.1,,True,7,78,1,1800.0,False,False,False,False,0.0,False,False,False,1.0,True,73.0,3
base,whatsapp_nl,wa_M_003,6480, Jaaaa , <‎afbeelding weggelaten>  /  In de blote tetten  /  Hoelaat neem je de trein? ,innuendo_sexual,0.44,2.73,escalate,0.84,3.93,0.92,0.07,,True,73,7,3,900.0,False,False,False,True,0.0,False,False,False,1.0,True,35.0,2
base,whatsapp_nl,wa_M_003,6481, <‎afbeelding weggelaten>  /  In de blote tetten  /  Hoelaat neem je de trein? , Trein gaat half [numerical_value] ,innuendo_sexual,1.0,3.89,ignore_change_topic,1.0,0.03,0.2,0.11,,True,35,73,1,6180.0,False,False,False,False,0.2,False,False,False,1.0,True,73.0,1
base,whatsapp_nl,wa_M_003,6485, Ga je al lekker schat? , Heerlijk liefje  /  Was jij hier maar  /  Om te knuffelen  /  Ik kom vroeg naar huis ,caring_checkin,0.6000000000000001,2.44,reciprocate,0.73,3.0,0.9400000000000001,0.08,,True,77,24,4,420.0,False,False,False,False,0.0,False,False,False,0.0,True,82.0,16
base,whatsapp_nl,wa_M_003,6486, Heerlijk liefje  /  Was jij hier maar  /  Om te knuffelen  /  Ik kom vroeg naar huis , Mooi zo.  /  Hoezo is het niet de moeite waard om tot [numerical_value] te blijven? ,miss_longing,0.96,2.99,ignore_change_topic,0.66,0.8200000000000001,0.4,0.09,,True,82,77,2,120.0,False,False,False,True,0.13333333333333333,False,False,False,1.0,True,103.0,15
base,whatsapp_nl,wa_M_003,6488, Jawel maar ik mis jou  /  Haha het is wel vet hoor!  /  Maar zooooooo heet  /  Ga ik nooit volhouden tot einde , Aah okee. Geniet ervan schat  /  Ik zit in de ub.  /  😘 ,miss_longing,0.73,2.86,ignore_change_topic,0.47000000000000003,1.8399999999999999,0.65,0.44,,True,51,103,3,0.0,True,False,False,False,0.09090909090909091,False,False,False,1.0,True,124.0,13
base,whatsapp_nl,wa_M_003,6489, Aah okee. Geniet ervan schat  /  Ik zit in de ub.  /  😘 , Oh schatje  /  Kon ik je maar knuffelen  /  <‎afbeelding weggelaten>  /  [REMOVED] haalt me om [numerical_value] uur op met de auto ,pet_name_greeting,0.59,2.08,reciprocate,0.55,3.0,0.9,0.29,,True,124,51,4,660.0,False,True,False,False,0.1,False,False,False,1.0,True,92.0,12
base,whatsapp_nl,wa_M_003,6490, Oh schatje  /  Kon ik je maar knuffelen  /  <‎afbeelding weggelaten>  /  [REMOVED] haalt me om [numerical_value] uur op met de auto , Okee top.  /  Ik kan je dan ook nog wel ophalen hoor  /  Ga rond [numerical_value] naar jou huis ,miss_longing,0.9500000000000001,2.99,ignore_change_topic,0.89,0.9500000000000001,0.48,0.1,,True,92,124,3,0.0,False,False,False,False,0.2222222222222222,False,True,False,1.0,True,19.0,11
base,whatsapp_nl,wa_M_003,6491, Okee top.  /  Ik kan je dan ook nog wel ophalen hoor  /  Ga rond [numerical_value] naar jou huis , A goed liefjeeeee ,invitation_plan,0.8300000000000001,1.06,reciprocate,0.33,2.46,0.8200000000000001,0.12,,True,19,92,1,0.0,False,False,False,False,0.0,False,False,False,1.0,True,23.0,10
base,whatsapp_nl,wa_M_003,6492, A goed liefjeeeee , Ziet er goed uit hoor ,pet_name_greeting,0.98,2.56,minimal_ack,0.41000000000000003,0.65,0.39,0.08,,True,23,19,1,120.0,False,False,False,False,0.2,False,False,False,1.0,True,111.0,9
base,whatsapp_nl,wa_M_003,6493, Ziet er goed uit hoor , Mobiel is bijna leeg  /  Heb met [REMOVED] [numerical_value] uur afhard  /  Afgesproken  /  Kom je me dan mee ophalen? ,reassurance_validation,0.35000000000000003,0.85,ignore_change_topic,0.98,0.64,0.41000000000000003,0.16,,True,111,23,4,7140.0,False,False,False,True,0.0,False,False,False,1.0,True,22.0,8
base,whatsapp_nl,wa_M_003,6494, Mobiel is bijna leeg  /  Heb met [REMOVED] [numerical_value] uur afhard  /  Afgesproken  /  Kom je me dan mee ophalen? , Ja is goed schat.  /  😘 ,invitation_plan,0.71,0.81,reciprocate,0.62,2.23,0.8,0.05,,True,22,111,2,120.0,True,False,False,False,0.2,False,False,False,0.0,True,19.0,7
base,whatsapp_nl,wa_M_003,6495, Ja is goed schat.  /  😘 , Ben zo tyfus waus ,pet_name_greeting,0.93,2.58,ignore_change_topic,0.5700000000000001,0.54,0.37,0.5,,True,19,22,1,180.0,False,True,False,False,0.0,False,False,False,0.0,True,62.0,6
base,whatsapp_nl,wa_M_003,6501, Okee doe ik schat.  /  Geniet er nog ff van 😘😘😘😘😘 , ❤️❤️❤️❤️  /  Ben buiten  /  Tegenover roosje ,pet_name_greeting,0.49,2.93,reciprocate,0.87,2.66,0.8300000000000001,0.09,,True,40,48,3,0.0,True,True,False,False,0.0,False,False,True,,False,,0
base,whatsapp_nl,wa_M_003,6509, Oke chill 😊  /  Moet ik het anders ook nog even nakijken? , Nee hoeft niet hoor  /  Kan je wel ff je code sturen? ,caring_checkin,0.39,0.9500000000000001,polite_decline,0.46,0.41000000000000003,0.18,0.11,,True,52,56,2,240.0,False,True,False,True,0.0,False,False,False,0.0,True,63.0,10
base,whatsapp_nl,wa_M_003,6523, [REMOVED] uurtje  /  [numerical_value]-[numerical_value] minuten  /  Is het gezellig? Haha  /  Leuk dat jullie bier drinken zijn!!!!  /  Geef maar een kusje aan [REMOVED] , Okee tot  /  Jaa is gezellig ,affectionate_goodbye,0.62,2.05,ignore_change_topic,0.71,0.38,0.24,0.13,,True,27,160,2,840.0,False,False,False,False,0.4,False,False,False,1.0,True,14.0,8
base,whatsapp_nl,wa_M_004,335,Ja klopt want je moet wel iemand hebben die helemaal voor jou wil gaan en er net zoveel moeite insteekt als jij / Ja dat is vreemd.. Misschien was het gewoon een beetje too much vandaag ofzo,Haha ja idk / Hij had het er gisteren met z'n vriend over / Dus idk / Hij weet het zelf ook niet zo goed wat er is zei die,reassurance_validation,0.77,0.9,ignore_change_topic,0.41000000000000003,0.22,0.23,0.35000000000000003,,True,113,187,4,60.0,False,False,True,False,0.21739130434782608,False,True,False,0.0,True,71.0,22
base,whatsapp_nl,wa_M_004,346,"Hmm ja misschien kan ik zo iets in m'n verhaaltje verwerken / 🙈 / Ik ga nog een ding zeggen waar je wss niet op zit te wachten atm. Want lieve [REMOVED], je kan mensen niet alleen maar blij maken en alles oppervlakkig houden. Grote kans dat je daar zelf niet heel gelukkig van wordt. Je moet het gewoon leuk hebben. En ja... Dat eigenlijk. Want je bent een leuke jongen en ik had het vorige keer echt naar m'n zin. Oke doei. 🙈 / Dit gezegd 🙈",Haha oké nice / Is goed toch? / Beetje luchtig houden / Ben benieuwd wat ie reageert,compliment_direct,0.8200000000000001,2.11,engage_enthusiastic,0.28,0.84,0.49,0.16,,True,75,433,4,120.0,False,True,True,True,0.07142857142857142,False,False,False,0.0,True,24.0,11
base,whatsapp_nl,wa_M_004,365,Ahhh schatje / Misschien moet je het er gewoon even bij laten zitten,Ja nee,pet_name_greeting,1.0,2.36,rude_reject,0.77,0.01,0.12,0.17,,True,6,65,1,0.0,False,False,False,False,0.0,False,False,False,1.0,True,68.0,10
base,whatsapp_nl,wa_M_004,367,Want alles komt nu steeds van jou en dat is niet de bedoeling liefje,<‎afbeelding weggelaten>,pet_name_greeting,0.9400000000000001,2.5,minimal_ack,0.58,0.05,0.2,0.42,,True,24,68,1,120.0,False,False,False,False,0.0,False,False,False,0.0,True,9.0,8
base,whatsapp_nl,wa_M_004,377,[REMOVED] schatje,Isabellie schatje,pet_name_greeting,0.99,2.65,reciprocate,0.89,2.7,0.8200000000000001,0.17,,True,17,17,1,420.0,False,False,False,False,0.5,False,False,False,0.0,True,25.0,24
base,whatsapp_nl,wa_M_004,378,Isabellie schatje,Ik heb een favor to ask 😁,pet_name_greeting,1.0,2.74,ignore_change_topic,0.92,1.37,0.65,0.28,,True,25,17,1,60.0,True,False,True,False,0.0,False,False,False,0.0,True,12.0,23
base,whatsapp_nl,wa_M_004,383,🎉🎉🎉🎉🎉 / Je bent m'n held ❤️,Hahaha i know / ,compliment_indirect,0.47000000000000003,1.94,tease_back,0.8300000000000001,1.35,0.75,0.13,,True,14,24,2,0.0,False,True,True,False,0.0,False,False,False,0.0,True,103.0,18
base,whatsapp_nl,wa_M_005,26,Oke slaap lekker,Trusten,affectionate_goodbye,0.81,0.9400000000000001,minimal_ack,0.29,1.28,0.48,0.21,,True,7,16,1,60.0,False,False,False,False,0.0,False,False,False,1.0,True,77.0,2
base,whatsapp_nl,wa_M_005,28,"Kans is groot dat ik terug moet naar [REMOVED], krijg mn werk niet geruild / Xxx",Ok laat maar weten! Succes met ruilen hoor / Xx,vulnerable_share,0.67,1.3900000000000001,ignore_change_topic,0.33,1.0,0.46,0.06,,True,44,77,2,0.0,False,False,False,False,0.0,False,False,True,,False,,0
base,whatsapp_nl,wa_M_005,45,Laat je weten als ik in de auto zit!! / Xx,Xx,affectionate_goodbye,0.7000000000000001,1.19,reciprocate,0.7000000000000001,1.08,0.55,0.1,,True,2,39,1,0.0,False,False,False,False,1.0,False,False,True,,False,,0
base,whatsapp_nl,wa_M_005,51,Aaah haha / Gefeliciteeeeeeeerd🎊 / Dus nu ben je afgestudeerd?!,Yep!!,caring_checkin,0.31,0.93,minimal_ack,0.66,0.43,0.35000000000000003,0.07,,True,5,58,1,60.0,False,True,False,False,0.0,False,False,False,0.0,True,8.0,12
base,whatsapp_nl,wa_M_006,18,Nee doe ik maandag / Heb ze wel gelezen en onderstreept enzo / Ik heb iets voor je! / Een heeeel fijn liedje / Of fijn / Ik vind het vooral een sexy liedje :p / '[REMOVED] Chance - Stolen Dance' bekijken op [REMOVED] - [REMOVED] / Ah hij is zo heerlijk / Ga je ook even naar Kuifjes [REMOVED] en [REMOVED]?,Haha / Een sexy liedje,innuendo_sexual,0.71,2.0,minimal_ack,0.45,1.27,0.59,0.36,,True,19,282,2,780.0,False,False,True,False,0.75,False,False,False,1.0,True,121.0,1
base,whatsapp_nl,wa_M_006,23,Nee Mr. Zelfstandig en ik daten nu morgen / Jaaa was echt heel erg leuk!!,Hahaha / Ik heb echt niets gedaan vandaag / Behalve dan twee samenvattingen vertaald met google translate,tease_banter,0.65,1.71,ignore_change_topic,0.66,0.44,0.28,0.38,,True,100,70,3,0.0,False,False,True,False,0.13333333333333333,False,False,False,0.0,True,25.0,25
base,whatsapp_nl,wa_M_006,45,Hee schatje ik ga lekker mijn bed in! / xxxxxxxx,Ja ik ook  / Slaap lekker!,pet_name_greeting,0.63,2.5,reciprocate,0.9,1.05,0.47000000000000003,0.07,,True,24,45,2,60.0,False,False,False,False,0.4,False,True,False,0.0,True,33.0,3
base,whatsapp_nl,wa_M_006,46,Ja ik ook  / Slaap lekker!,Wat vond je nou van het liedjeeee,affectionate_goodbye,0.96,1.16,ignore_change_topic,0.99,0.84,0.48,0.12,,True,33,24,1,1260.0,False,False,False,False,0.0,False,False,False,0.0,True,90.0,2
base,whatsapp_nl,wa_M_007,14,Goed!! Superleuk mènneke is het en kei-gezond,Fijn!,pet_name_greeting,0.51,1.42,minimal_ack,0.91,0.43,0.22,0.07,,True,5,45,1,0.0,False,False,False,False,0.0,False,False,False,0.0,True,4.0,5
base,whatsapp_nl,wa_M_008,1123,Wel gvd! / Ik moet  om [REMOVED] uur beginne / Echt lullos dat wij noeitscmervsamen staon@,hebben we toch nog een uurtje :p,miss_longing,0.75,1.7000000000000002,ignore_change_topic,0.30000000000000004,1.43,0.73,0.14,,True,32,84,1,0.0,False,False,False,False,0.0,False,False,False,0.0,True,35.0,7
base,whatsapp_nl,wa_M_008,1132,<Media weggelaten> / Mogen we een keer samen :) ?,Zondag / Zaterdag moer ik om [REMOVED] beginne,invitation_plan,0.99,1.8,ignore_change_topic,0.97,0.06,0.22,0.29,,True,43,46,2,60.0,False,False,False,False,0.0,False,False,False,1.0,True,32.0,10
base,whatsapp_nl,wa_M_008,1134,Nice / Haha :p prutsers daar bij pm,<Media weggelaten> / Wat is er trouwes met jou beeldscherm?,tease_banter,0.98,1.25,ignore_change_topic,0.9400000000000001,0.4,0.36,0.23,,True,56,32,2,0.0,False,False,False,True,0.0,False,False,False,0.0,True,11.0,8
base,whatsapp_nl,wa_M_009,63,"O, haha. Nou, slaap lekker dan.",En bij ons gaat niemand naar de merthal,affectionate_goodbye,0.74,0.86,ignore_change_topic,1.0,0.01,0.13,0.1,,True,39,31,1,0.0,False,False,False,False,0.0,False,False,False,0.0,True,28.0,6
base,whatsapp_nl,wa_M_009,107,Je mag wel met mij mee / if u wany,Waarheen?,invitation_plan,1.0,1.23,ignore_change_topic,0.75,0.13,0.32,0.11,,True,9,31,1,0.0,False,False,False,True,0.0,False,False,False,,True,34.0,51
base,whatsapp_nl,wa_M_011,54,"Ja hoor, eerder mag ook! En neem mijn hempje mee - maar trek t niet aan!","Haha, had m al in de tas ;)",innuendo_sexual,0.63,1.94,tease_back,0.73,1.6,0.73,0.08,,True,27,72,1,-3300.0,False,False,True,False,0.0,False,False,False,0.0,True,131.0,5
base,whatsapp_nl,wa_M_011,58,"Haha, you don't know me for sure ;) / Nagellak is voor meisjes  / Hij was foto's aan het kijken op mn telefoon",Ik ben trouwens iets later..was en zo,tease_banter,0.97,1.79,ignore_change_topic,1.0,0.05,0.22,0.33,,True,37,105,1,-3600.0,False,False,False,False,0.125,False,False,False,0.0,True,9.0,1
base,whatsapp_nl,wa_M_011,63,Kan me voorstellen :). Nu beentjes omhoog de rest van de dag?,"Ja en misschien even pitten. / Oh en eerst muizenvallen plaatsen voor mijn nieuwe 'vriendje'/'slachtoffers'.. / En waarom ik slachtoffers heb getypt weet ik niet, maar daar moet huisgenootje staan..😅 / Vanavond lekker eten met de Obelixdames en misschien een biertje of [REMOVED] in de TKB. En morgen begint het scriptieleven weer, gesprek met Planken. Pfoe.",caring_checkin,0.97,0.92,ignore_change_topic,0.74,0.51,0.29,0.58,,True,349,61,4,-3480.0,True,False,True,False,0.02127659574468085,False,False,False,0.0,True,114.0,3
base,whatsapp_nl,wa_M_012,43,[REMOVED] mag ik weer bij [REMOVED]? ,Hmmm / Vooruit dan maar / Neem je dan vanavond mijn matje + slaapzak mee? / Krijg jij het studieboek dat je aan [REMOVED] had uitgeleend terug :p,invitation_plan,0.28,0.81,ignore_change_topic,0.5700000000000001,1.3599999999999999,0.64,0.25,,True,136,38,4,3720.0,False,False,False,True,0.045454545454545456,False,False,False,0.0,True,44.0,13
base,whatsapp_nl,wa_M_013,28,"Haha. Ga je gang / Jij bent trouwens de eerste persoon die een ander nummer kan opnoemen afgezien van thrift shop, same love of can't hold us. / Is een applausje waard",😎,tease_banter,0.51,1.06,minimal_ack,0.99,0.66,0.54,0.11,,True,1,161,1,4980.0,True,False,False,False,0.0,False,False,True,,False,,0
base,whatsapp_nl,wa_M_014,69,Als je nog een keuken kan regelen;),De tweedejaars zijn niet zo enthousiast :(,tease_banter,0.61,1.49,ignore_change_topic,0.77,0.1,0.23,0.36,,True,42,35,1,60.0,False,False,False,False,0.0,False,False,False,0.0,True,122.0,3
base,whatsapp_nl,wa_M_014,110,Aaaa je bent een engel,Haha sukkels / Jullie hebben wel zelf een camera?,compliment_direct,0.48,1.17,tease_back,0.92,1.15,0.55,0.1,,True,46,22,2,60.0,False,False,True,True,0.125,False,False,False,0.0,True,42.0,5
base,whatsapp_nl,wa_M_015,33,Ok ik stuur het alvast / Zo en nu lekker slapen,Truste bezig bijtje ,affectionate_goodbye,0.78,1.23,tease_back,0.47000000000000003,1.81,0.71,0.21,,True,21,45,1,120.0,False,False,False,False,0.0,False,False,False,1.0,True,12.0,1
base,whatsapp_nl,wa_M_015,51,Dan moet ik daar toch langs / Ik wou dat jullie er allemaal waren,Ogen dicht houden of stofzuiger pakken !,miss_longing,0.9400000000000001,1.2,ignore_change_topic,0.67,0.38,0.25,0.14,,True,40,63,1,300.0,False,False,False,False,0.0,False,False,False,0.0,True,15.0,1
base,whatsapp_nl,wa_M_015,61,oh super leuke zeg,Ja hè / En nu ga ik de rest vd avond op de bank chillen,compliment_direct,0.49,0.77,ignore_change_topic,0.77,0.36,0.24,0.09,,True,53,18,2,0.0,False,False,False,False,0.0,False,False,False,0.0,True,155.0,2
base,whatsapp_nl,wa_M_015,72,Ja fijn dat alles heel goed is en leuk dat je morgen begint / Buikpijn is zeker over,"Ja gelukkig wel, waren gewoon mn darmen",caring_checkin,0.96,0.87,ignore_change_topic,0.62,0.06,0.18,0.09,,True,39,81,1,60.0,False,False,False,False,0.14285714285714285,False,False,False,0.0,True,11.0,2
base,whatsapp_nl,wa_M_015,78,Goede reis morgen,"Dank je, snoeziewoezzie  mama ligt al te slapen ",affectionate_goodbye,0.8,0.8200000000000001,simple_thanks,0.5,2.25,0.77,0.13,,True,50,18,1,180.0,False,False,False,False,0.0,False,False,False,0.0,True,33.0,2
base,whatsapp_nl,wa_M_015,79,"Dank je, snoeziewoezzie  mama ligt al te slapen ",Dacht ik al / Trusten / Piedewietske,pet_name_greeting,0.81,2.45,tease_back,0.58,1.71,0.76,0.23,,True,33,50,3,0.0,False,False,False,False,0.2,False,False,False,0.0,True,8.0,1
base,whatsapp_nl,wa_M_016,229,"Nice!!👍 goed gedaan! / Joa het ging wel, hopelijk wel een voldoende / O super! Gezelluuuug!",Aah nou daar duim ik dan nog even voor! Hoor je het meestal snel / Jaa toppie he! Echt leu,reassurance_validation,0.71,0.89,engage_enthusiastic,0.56,0.87,0.5,0.21,,True,87,85,2,300.0,False,True,False,False,0.05263157894736842,False,False,False,0.0,True,108.0,7
base,whatsapp_nl,wa_M_016,251,O oke! Hihi! Ja ik ga er niet vanuit hoor we gaan vast járen door / Ja ik heb het al tegen [REMOVED] gezegd id / Gaan wij trouwens snel weer eens daten?😃 in april heb ik [REMOVED] weer eens tijd! Nou ja met al dat gedans [REMOVED] ook weer niet nee grapje ,"Oww okee dat was snel haha! Als iedereen t maar weet dan staan ze niet voor verrassingen  / Jaa tuurlijk haha! Biosje of lunchen of wat dat ook, gezellig!",invitation_plan,1.0,1.98,engage_enthusiastic,0.65,1.16,0.71,0.33,,True,151,250,2,720.0,False,True,True,False,0.16,False,True,False,1.0,True,146.0,3
base,whatsapp_nl,wa_M_016,252,"Oww okee dat was snel haha! Als iedereen t maar weet dan staan ze niet voor verrassingen  / Jaa tuurlijk haha! Biosje of lunchen of wat dat ook, gezellig!","Ja precies / Vind jij die verantwoordelijkheid niet vervelend, [REMOVED]? Want dat wordt jou opgelegd maar [REMOVED] wordt je daar wel ongelukkig van",invitation_plan,0.98,1.23,ignore_change_topic,0.75,0.45,0.31,0.17,,True,146,151,2,120.0,False,False,False,True,0.15,False,False,False,0.0,True,95.0,2
base,whatsapp_nl,wa_M_016,253,"Ja precies / Vind jij die verantwoordelijkheid niet vervelend, [REMOVED]? Want dat wordt jou opgelegd maar [REMOVED] wordt je daar wel ongelukkig van",Ja aan een kant wel eigenlijk haha... Ik stond daar ook even van te kijke / Maarja niks aan te doe,caring_checkin,0.55,0.34,deflate_humor,0.6900000000000001,0.17,0.21,0.35000000000000003,,True,95,146,2,6000.0,False,False,True,False,0.2222222222222222,False,True,False,0.0,True,28.0,1
base,whatsapp_nl,wa_M_017,1,Gaat het goed bij jou?,Ja ik denk het ,caring_checkin,0.99,0.61,minimal_ack,0.8200000000000001,0.27,0.22,0.22,,True,16,22,1,300.0,False,False,False,False,0.25,False,False,False,0.0,True,3.0,16
base,whatsapp_nl,wa_M_017,19,"[REMOVED] ik zie net dat jij les hebt van onno crasborn voor gebarentaal, dat examen ga jij rocken hoor ;p",Is die makkelijk ja?,caring_checkin,0.38,1.31,ignore_change_topic,0.78,0.07,0.24,0.13,,True,20,106,1,1620.0,False,False,False,True,0.0,False,False,False,0.0,True,46.0,9
base,whatsapp_nl,wa_M_018,5,"Ha [REMOVED], zullen wij nog even een keer bij elkaar gaan zitten zodat ik je een beetje kan uitleggen hoe ik dingen aanpakte enzo en waar ik bijvoorbeeld tegen aanliep? Niet dat jij het dan ook zo moet doen, maar misschien is het fijn om het een beetje te weten. / Het hoeft niet hoor, als je het niet nodig vindt;)","Ja, vind ik op zich wel fijn! Kun jij deze week ergens?",invitation_plan,0.92,1.0,engage_enthusiastic,0.5,0.75,0.28,0.1,,True,55,313,1,60.0,False,False,False,True,0.25,False,False,False,0.0,True,37.0,3
base,whatsapp_nl,wa_M_019,86,Je bent een held! / Die commissie is ook echt een voorbeeld van hoe het niet moet :p,Hahahahaha / Wat dan?,compliment_direct,0.79,1.1,engage_enthusiastic,0.45,0.51,0.55,0.15,,True,18,81,2,0.0,False,False,True,True,0.0,False,False,False,0.0,True,159.0,12
base,whatsapp_nl,wa_M_019,126,Ah een korte broek / Daar zou ik echt een moord voor doen nu,Jaa precies / Ik heb er al een aan maar dannog :p / Oja ik zou vertellen waar ik hjeen ging haha / Ik ga nara cadzand met een aantal studiegenoten,innuendo_sexual,0.67,2.16,ignore_change_topic,0.31,1.24,0.6900000000000001,0.62,,True,137,57,4,480.0,False,False,True,False,0.125,False,False,False,0.0,True,5.0,16
base,whatsapp_nl,wa_M_020,374,Haha alsof ik haar ga hitten :P / Al hoewel ik vind haar wel heel erg leuk ;),Haha there you go ,compliment_direct,0.56,1.98,minimal_ack,0.5700000000000001,0.76,0.59,0.08,,True,18,74,1,60.0,False,False,True,False,0.25,False,False,False,1.0,True,34.0,2
base,whatsapp_nl,wa_M_020,376,Haha wie weet ;) / Feest ze kerel! :D,Thanks jij ook ,tease_banter,0.67,1.47,simple_thanks,0.63,0.54,0.27,0.06,,True,15,34,1,180.0,False,False,False,False,0.0,False,True,True,,False,,0
base,whatsapp_nl,wa_M_020,406,Eeej kerel uiterlijk vandaag / Dus in ieder geval voor [REMOVED] lijkt mij ;),"Oke, wat heb jij als [REMOVED] keus?  / Als eerste had je toch waterconflicten? ",compliment_direct,0.53,1.29,ignore_change_topic,0.78,0.13,0.27,0.11,,True,77,74,2,9840.0,False,False,False,True,0.08333333333333333,False,False,False,0.0,True,35.0,20
base,whatsapp_nl,wa_M_021,62,"Oow, nou, Hustinx kijkt wel echt of je iets met commentaar hebt gedaan, dus ik hoop dat dat dan goed komt ; / Dankuu / En dan volgend jaar met frisse moed weer beginnen ;",Yeah! 😎 wij samen!,reassurance_validation,0.37,0.9,engage_enthusiastic,0.61,0.97,0.49,0.08,,True,18,164,1,0.0,True,False,False,False,0.0,False,False,False,0.0,True,1.0,1
base,whatsapp_nl,wa_M_022,124,eet smakelijk,,caring_checkin,0.72,0.88,minimal_ack,0.9,0.77,0.43,0.24,,True,1,13,1,60.0,False,False,False,False,0.0,False,False,True,,False,,0
base,whatsapp_nl,wa_M_022,155,ik heb hier nog souvenir voor je en bedankt voor oppassen op het huis,ben benieuwd naar souvenir!,reassurance_validation,0.28,1.0,engage_enthusiastic,0.99,0.93,0.52,0.06,,True,27,69,1,6180.0,False,False,False,False,0.25,False,False,False,0.0,True,48.0,3
base,whatsapp_nl,wa_M_023,35,Hahaha oja moet ik jou ook.plat knuffelen,,miss_longing,0.8,2.3,minimal_ack,0.9,0.52,0.46,0.56,,True,1,43,1,60.0,False,False,False,False,0.0,False,False,True,,False,,0
base,whatsapp_nl,wa_M_023,62,Wij komen zo ook wel die kant op :D ff drankje afmaken ;) / Wie zijn 'wij' eigenlijk precies (a) hihi,Oke. Wij zijn nu bij de waalkade nog. Dus doe maar rustig aan / Haha:p tom jos sophie en ik,tease_banter,0.6900000000000001,1.03,ignore_change_topic,0.9,0.7000000000000001,0.43,0.16,,True,88,98,2,60.0,False,False,True,False,0.1,False,False,False,0.0,True,66.0,5
base,whatsapp_nl,wa_M_023,69,"Hee! Gaan we woensdag samen naar dat feest of ga jij met mensen van campus in beeld [REMOVED]? Ik zag dat jij ook ging [REMOVED], mss kunnen we van tevoren wat afspreken. Xx",Hey! Ik moet daar om [REMOVED] al zijn om te versieren enz. dus dan zie ik jullie denk ik daar!,invitation_plan,0.92,1.58,polite_decline,0.44,0.41000000000000003,0.30000000000000004,0.31,,True,95,173,1,120.0,False,False,False,False,0.125,False,False,False,,False,,14
base,whatsapp_nl,wa_M_024,514,Mooie tanden!,Ben blij als we er klaar mee zijn kan ik die stomme folder niet meer zien😋 / Haha dankje dankje!,compliment_direct,0.99,1.35,simple_thanks,0.79,1.04,0.58,0.45,,True,93,14,2,0.0,True,False,True,False,0.0,False,False,False,0.0,True,73.0,19
base,whatsapp_nl,wa_M_024,518,"Vind het overigens gezellig hoor, maar er is werk aan de winkel! / ",Hahah! Nee precies want dit leidt te veel af!! Succes nog!,compliment_indirect,0.25,0.99,ignore_change_topic,0.27,0.61,0.24,0.16,,True,58,65,1,120.0,False,False,True,False,0.0,False,False,False,0.0,True,120.0,15
base,whatsapp_nl,wa_M_025,3,Goed gedaan met school!!! / Trots op jou ,Dankjewel ,caring_checkin,0.88,1.3900000000000001,simple_thanks,0.98,0.84,0.48,0.11,,True,11,40,1,0.0,False,False,False,False,0.0,False,False,True,,False,,0
base,whatsapp_nl,wa_M_026,98,Ik hoop hhet voor je.  Hoe gaat het met je lenzen?,Prima,caring_checkin,0.9400000000000001,0.85,minimal_ack,0.81,0.0,0.11,0.08,,True,5,50,1,120.0,False,False,False,False,0.0,False,False,False,0.0,True,8.0,1
base,whatsapp_nl,wa_M_026,124,"Mam, weet je al wat je met je verjaardag gaat doen? / Hoe is t daar verder?",Ik fier het gewoon thuis. Hier gaat alles goed. We hebben straks verjaardag van [REMOVED].  En ik sta nu voor de kast want kweet niet wat ik aan moet trekken,caring_checkin,0.67,0.68,ignore_change_topic,0.89,0.33,0.2,0.62,,True,157,72,1,360.0,False,False,False,False,0.10714285714285714,False,False,False,0.0,True,86.0,5
base,whatsapp_nl,wa_M_026,129,Oke dan genieten jullie nog maar lekker van het weer daar want de vooruitzichten zijn hier niet zo mooi. Gr aan [REMOVED] xxxx vanuit [REMOVED],Komt helemaal goed! Groeten aan pa en [REMOVED] & [REMOVED],affectionate_goodbye,0.86,1.05,reciprocate,0.79,0.91,0.34,0.05,,True,59,143,1,2400.0,False,False,False,False,0.25,False,False,True,,False,,0
base,whatsapp_nl,wa_M_026,131,<media weggelaten> / Lekker bruin!,"Zeker lekker bruin!!!!!! Vooral [REMOVED], diie is bruin!!!!! Jullie zien er goed uit😄 Nu zijn wij echt wit😝xxx",compliment_direct,0.67,0.8,tease_back,0.39,1.6800000000000002,0.8,0.17,,True,111,31,1,300.0,True,False,True,False,0.1,False,False,False,0.0,True,156.0,3
base,whatsapp_nl,wa_M_026,132,"Zeker lekker bruin!!!!!! Vooral [REMOVED], diie is bruin!!!!! Jullie zien er goed uit😄 Nu zijn wij echt wit😝xxx","Mama, kun jij misschien een bon van [REMOVED] euro halen bij sanit zodat sel en ik die aan [REMOVED] kunnen geven? / Dan krijg je zsm gewoon geld van me terug!",compliment_direct,0.97,1.43,ignore_change_topic,1.0,0.15,0.17,0.11,,True,156,111,2,9300.0,False,True,False,True,0.03571428571428571,False,False,False,0.0,True,34.0,2
base,whatsapp_nl,wa_M_026,146,Mooi hoor!!! Nu heb je een kort model en een langere Goed gedaan👍xxxx,Ja inderdaad!,reassurance_validation,0.75,1.28,minimal_ack,0.75,0.38,0.33,0.11,,True,13,69,1,60.0,False,True,False,False,0.0,False,False,True,,False,,0
base,whatsapp_nl,wa_M_027,566,Ja! Haha / Ik wou weten of je heel thuis was gekomen,Aaah lief haha!! / Ik heb mezelf in de laatste bus gepropt!!:P,caring_checkin,1.0,1.15,tease_back,0.21,1.55,0.77,0.36,,True,59,49,2,60.0,False,False,True,False,0.16666666666666666,False,False,False,0.0,True,5.0,3
base,whatsapp_nl,wa_M_027,569,Wens [REMOVED] beterschap van me!!,Doe ik!,caring_checkin,0.76,1.08,minimal_ack,0.66,0.72,0.4,0.1,,True,7,34,1,300.0,False,False,False,False,0.0,False,False,True,,False,,0
base,whatsapp_nl,wa_M_027,613,Ik ga om half [REMOVED] al naar [REMOVED] / Maar bedankt voor t aanbod 😘,Oow ok!! Volgende keer dan!;) / 😘Xx See you!!;),emoji_or_kiss_only,0.53,1.74,reciprocate,0.88,1.87,0.79,0.18,,True,44,69,2,60.0,True,True,False,False,0.1111111111111111,True,False,False,0.0,True,23.0,2
base,whatsapp_nl,wa_M_027,614,Oow ok!! Volgende keer dan!;) / 😘Xx See you!!;),Oké Werkse vandaag nog!,affectionate_goodbye,0.98,1.85,ignore_change_topic,0.9500000000000001,0.12,0.16,0.14,,True,23,44,1,-60.0,False,True,False,False,0.0,False,False,False,0.0,True,15.0,1
base,whatsapp_nl,wa_M_027,621,Succes! Tot straks! Ik kan niet komen kijken.. Anders zit [REMOVED] vandaag te lang alleen.. I'm sorry.. X,No problem. Tot vanmiddag!,affectionate_goodbye,0.79,1.25,ignore_change_topic,0.28,0.68,0.21,0.06,,True,26,106,1,-60.0,False,False,False,False,0.25,False,False,True,,False,,0
base,whatsapp_nl,wa_M_030,1,"Lieve lieve ca! Wij zijn weer onderweg naar [REMOVED]. Dank dat je zo lief bent, ook voor piet. Je bent een topper!!","Ow ik vond t fijn jullie te zien! Slaap lekker! Ik moet om [REMOVED] werken, dus ga over niet over al te lang / Heerlijk dat nieuws.",pet_name_greeting,0.49,2.19,reciprocate,0.43,1.08,0.49,0.18,,True,129,116,2,120.0,False,False,False,False,0.08695652173913043,False,False,False,1.0,True,71.0,1
base,whatsapp_nl,wa_M_030,2,"Ow ik vond t fijn jullie te zien! Slaap lekker! Ik moet om [REMOVED] werken, dus ga over niet over al te lang / Heerlijk dat nieuws.","Ooow balen! Nou veel succes morgen!  Tot snel! Dikke kus, ook van piet!",affectionate_goodbye,0.87,1.09,reciprocate,0.71,1.48,0.74,0.07,,True,71,129,1,60.0,False,False,False,False,0.0,False,True,True,,False,,0
base,whatsapp_nl,wa_M_032,26,Oke top. Regel ik dat water nu even! Qua Internet was ik ook aan het kijken maar dan moeten we samen een brief schrijven.  Met onze beide handtekeningen en gegevens! ;) / Hospiteren gisteren?;),Oke! Ja klopt! En kopie paspoort enzo! :) haha ja eerst bij een moeder en dochter thuis en dat was best wel leuk! En die daarna waren drie duitse meiden en dat was heel gek ;p oke! Ik zeg het als ik me uitgeschrwven heb bij water! Nu bus dus bijna thuis! Dan moeten we maar eben kijken per wanneer dat internet dan over gaat! En voor tv moet ik zeker gewoon opzeggen?,tease_banter,0.30000000000000004,1.37,ignore_change_topic,0.59,0.88,0.64,0.19,,True,367,190,1,120.0,False,False,True,True,0.2631578947368421,False,False,False,0.0,True,63.0,12
base,whatsapp_nl,wa_M_033,281,Vanmiddag keek ik bij accounts maar dat lukte niet / Aaah love him / Praat je met hem?,Nee / Maar als ik iets niet weet vraag ik het meestal aan hem,love_declaration,0.6900000000000001,2.19,polite_decline,0.63,0.52,0.31,0.14,,True,58,81,2,60.0,False,False,False,False,0.3333333333333333,False,False,False,0.0,True,12.0,16
base,whatsapp_nl,wa_M_034,49,"Te laat is niet erg, als je er maar niet eerder bent / Bel maar als ik de bolide voor kan rijden",Huh? / Ben je met de auto?,tease_banter,0.53,1.6400000000000001,ignore_change_topic,0.77,0.06,0.25,0.27,,True,23,93,2,0.0,False,False,False,True,0.3333333333333333,False,False,False,0.0,True,36.0,14
base,whatsapp_nl,wa_M_035,0,"Maart liefie, hoe gaat het met je? Bevalt het daar? En al begonnen met je master? [REMOVED] u ",Schattie! Wat een toeval wilde jou net appen! Jaa zit nu in de les 😅. Bevalt wel echt goed. Leuke campus en denk echt dat ik de juiste keuze heb gemaakt en ook echt een goede vooropleiding heb gehad in [REMOVED]. [REMOVED] heeft n goede naam hier krijg ik t idee / Wat ben jij nu allemaal t doen dit jaar? Jaartje [REMOVED] nog? En hoe is t met [REMOVED]? Gauw ff samen iets leuks doen? Kom je maar naar ons huisje toe als je wil ,pet_name_greeting,0.99,2.08,engage_enthusiastic,0.48,1.6400000000000001,0.78,0.23,,True,429,95,2,600.0,True,False,True,True,0.09090909090909091,False,True,False,0.0,True,386.0,5
base,whatsapp_nl,wa_M_035,3,Ah klinkt goed allemaal mup! Dan kom ik ook maar eens kijken naar je nieuwe crib! Heb je nu leuke huisgenoten? En [REMOVED] super leuk joh! Denk dat t wel goed is dat jullie even een adempauze hebben en dan erna kunnen jullie weer verder kijken toch ?,Leuk! Ja zeker. Rustige types maar dat vind ik wel lekker. / En dat denk ik zeker ook  / Gaat het tussen jullie nog goed?,pet_name_greeting,0.37,1.24,ignore_change_topic,0.36,0.98,0.5,0.11,,True,116,252,3,420.0,False,False,False,True,0.5,False,True,False,0.0,True,198.0,2
base,whatsapp_nl,wa_M_035,13,Mehh ff doorzetten schat / Zie er maar t positieve van in. Extra vakken is altijd goed en ze zijn leuk!,"Ja heb er ook wel zin in hoor, komt goed. Maar wel jammer dat we niet op hetzelfde moment de uitreiking he ben / Hebben",pet_name_greeting,0.87,1.3900000000000001,ignore_change_topic,0.86,0.79,0.36,0.2,,True,116,100,2,6300.0,False,False,False,False,0.17391304347826086,False,True,False,0.0,True,9.0,1
base,whatsapp_nl,wa_M_036,321,Almossssst,Ja pop,tease_banter,0.42,1.05,reciprocate,0.36,1.85,0.7000000000000001,0.13,,True,6,10,1,60.0,False,False,False,False,0.0,False,False,False,1.0,True,18.0,30
base,whatsapp_nl,wa_M_036,322,Ja pop,Bijnaaaaaa / Jaaaaaaa,pet_name_greeting,0.79,1.78,engage_enthusiastic,0.25,1.25,0.78,0.13,,True,18,6,2,0.0,False,False,False,False,0.0,False,False,False,0.0,True,57.0,29
base,whatsapp_nl,wa_M_036,323,Bijnaaaaaa / Jaaaaaaa,Veel plezier leave / [REMOVED] / Ik houd niet meer van je / Ik ga / ,tease_banter,0.39,1.46,mock_offense,0.41000000000000003,0.7000000000000001,0.2,0.26,,True,57,18,5,0.0,False,False,False,False,0.0,False,False,False,1.0,True,10.0,28
base,whatsapp_nl,wa_M_036,325,Haha / Sukkel,Waarom.sujkel? / Zielig zeg,tease_banter,1.0,1.22,tease_back,0.96,0.55,0.46,0.17,,True,24,10,2,120.0,False,False,False,True,0.0,False,False,False,1.0,True,23.0,26
base,whatsapp_nl,wa_M_036,327,Haha / Ja! / :( / Lekkerding!!!!,:( / Schrijf dan!,mock_offense_pout,0.53,1.72,reciprocate,0.17,1.17,0.64,0.34,,True,14,23,2,0.0,False,False,False,False,0.0,False,False,False,0.0,True,6.0,24
base,whatsapp_nl,wa_M_036,336,Ga dan op bed pop,Nee / Niet moe :(,pet_name_greeting,0.45,1.87,polite_decline,0.81,0.54,0.37,0.2,,True,14,17,2,60.0,False,False,False,False,0.0,False,False,False,0.0,True,3.0,15
base,whatsapp_nl,wa_M_036,339,:),Nog niet.op bed?,emoji_or_kiss_only,0.96,1.0,ignore_change_topic,0.58,1.27,0.66,0.22,,True,16,2,1,780.0,False,False,False,True,0.0,False,False,False,0.0,True,27.0,12
base,whatsapp_nl,wa_M_036,340,Nog niet.op bed?,Ja bijna / Laatste bakkie thee,caring_checkin,0.55,0.74,ignore_change_topic,0.74,0.54,0.41000000000000003,0.1,,True,27,16,2,0.0,False,False,False,False,0.0,False,False,False,0.0,True,3.0,11
base,whatsapp_nl,wa_M_036,347,Hahaa / Komt wel goed pop,Ja / Maar dan kan ik nog steeds wel geen zin hebben,pet_name_greeting,0.42,1.81,tease_back,0.41000000000000003,0.66,0.41000000000000003,0.08,,True,48,22,2,60.0,False,False,False,False,0.09090909090909091,False,False,False,1.0,True,164.0,4
base,whatsapp_nl,wa_M_036,349,[REMOVED] / Ik ben bijzonder / Haha ja klopt / Ik lig pop / Slaap lekker! / Ik hoop dat mn wekker afgaat / Hij liep in nijmegen laatst vast / Na paar keer snoozen / Zo stom / [REMOVED] / Doe je?,Poetsen / Hoezo? / Lig bijna / Even fb bellen,affectionate_goodbye,0.79,1.55,ignore_change_topic,0.9400000000000001,0.39,0.32,0.11,,True,36,164,4,0.0,False,False,False,True,0.14285714285714285,False,False,False,1.0,True,24.0,2
base,whatsapp_nl,wa_M_036,351,Ik wil je belleeeewwewn / O,Ben klaar wakker / Dus denk dat ik normale trein pak,miss_longing,0.45,2.09,ignore_change_topic,1.0,0.02,0.16,0.13,,True,49,24,2,6600.0,False,False,False,False,0.1,False,False,True,,False,,0
base,whatsapp_nl,wa_M_036,354,Ja pop,Mooi pop / Hahaha lekker handif / Bugel mee / Geen muziek,pet_name_greeting,0.92,1.49,reciprocate,0.34,1.88,0.84,0.14,,True,48,6,4,120.0,False,False,True,False,0.1111111111111111,False,False,False,0.0,True,43.0,132
base,whatsapp_nl,wa_M_036,355,Mooi pop / Hahaha lekker handif / Bugel mee / Geen muziek,Haha / Uit je hoofd / Silent brass al geprobeerd?,pet_name_greeting,0.81,1.6400000000000001,ignore_change_topic,0.36,0.8200000000000001,0.55,0.1,,True,43,48,3,60.0,False,False,True,True,0.0,False,False,False,0.0,True,61.0,131
base,whatsapp_nl,wa_M_037,0,Lieverd! Gecondoleerd en heel veel sterkte van [REMOVED] en mij! Hoop dat jullie desondanks toch een mooie vakantie gehad hebben. Dikke kus en knuffel ,Dank jullie wel ja was heerlijk daarachter mis de temperaturen nu alweer hihi. Hoe hebben jullie het gehad? Xx,pet_name_greeting,0.97,2.58,simple_thanks,0.27,1.05,0.67,0.1,,True,110,153,1,120.0,False,False,True,True,0.16666666666666666,False,False,False,1.0,True,142.0,4
base,whatsapp_nl,wa_M_037,2,Jaa wij hebben er ook van genoten en ook wel geboft met het weer gelukkig. Als er iets is wat ik voor je kan doen weet je me te vinden he xxx,I know thnx hon. Wanneer zullen we gaan sporten?,caring_checkin,0.79,1.69,ignore_change_topic,0.9,1.46,0.6000000000000001,0.07,,True,48,142,1,60.0,False,False,False,True,0.0,False,False,False,0.0,True,91.0,2
base,whatsapp_nl,wa_M_037,13,Ok tot dalijk xxx,Tot zoooxxx,affectionate_goodbye,1.0,1.07,reciprocate,0.9,1.2,0.76,0.19,,True,11,17,1,0.0,False,False,False,False,0.5,False,False,True,,False,,0
base,whatsapp_nl,wa_M_037,19,Ma ik zei net al tegen benjamin als ik zo moet gaan fitnessen alleen vind ik er niet veel aan / Maar dan zullen we een keertje bij elkaar moeten zitten als je daar zin in hebt om te kijken wanneer we met elkaar kunnen trainen. Als je dat wil en weet wat je rooster is uiteraard. ,Jaa gaan we sowieso doen,invitation_plan,0.98,1.26,engage_enthusiastic,0.5,0.85,0.52,0.11,,True,24,277,1,120.0,False,False,False,False,0.4,False,False,False,1.0,True,1.0,4
base,whatsapp_nl,wa_M_037,21,,"Maar je moet de motivatie ook even vinden hoor sies. Komt niet vanzelf. Je zult merken dat hoe vaker je gaat, hoe leuker je t gaat vinden. Ik vond t eerst ook stom / Overleggen we binnenkort ff wat t handigst is enzo. Denk idd wel de dinsdagavond",emoji_or_kiss_only,0.87,0.84,ignore_change_topic,0.89,0.9500000000000001,0.42,0.09,,True,243,1,2,240.0,False,False,False,False,0.0,False,True,False,0.0,True,80.0,2
base,whatsapp_nl,wa_M_037,22,"Maar je moet de motivatie ook even vinden hoor sies. Komt niet vanzelf. Je zult merken dat hoe vaker je gaat, hoe leuker je t gaat vinden. Ik vond t eerst ook stom / Overleggen we binnenkort ff wat t handigst is enzo. Denk idd wel de dinsdagavond",Haha klopt ook wel een beetje / Ja dat vind ik ook / Maar dat bespreken we dan nog wel,pet_name_greeting,0.27,1.33,ignore_change_topic,0.28,0.79,0.30000000000000004,0.17,,True,80,243,3,0.0,False,False,True,False,0.4,False,True,False,0.0,True,9.0,1
base,whatsapp_nl,wa_M_038,653,Ja is al poosje geleden / Toen mn cijfer er nog niet in stond en jij me zo lief troostte,Ooh ja. Nou zoiets gebeurt mij niet zo vaak. Ik mail wel als t maandag nog niet is geplaatst,compliment_indirect,0.63,1.55,ignore_change_topic,0.79,0.88,0.38,0.35000000000000003,,True,92,85,1,0.0,False,False,False,False,0.2777777777777778,False,False,False,0.0,True,19.0,172
base,whatsapp_nl,wa_M_039,1,Ik heb geen wifi hier / Gelukkig ben jij er / Hij laadt / Niks zeggen / ,[REMOVED] dienst he ,compliment_indirect,0.33,1.8900000000000001,reciprocate,0.37,1.47,0.72,0.58,,True,21,61,1,-240.0,False,False,False,False,0.0,False,False,False,0.0,True,92.0,44
base,whatsapp_nl,wa_M_039,22,Ja zag er al goed uit op de foto  lekker ruim ook!,Ja man daar kan een halve feesttent in /  / Je bent wekom / Welkom* / Iedereen trouwrns,compliment_direct,0.4,0.81,engage_enthusiastic,0.63,0.9,0.49,0.33,,True,76,51,5,300.0,False,False,False,False,0.07142857142857142,False,False,False,0.0,True,70.0,23
base,whatsapp_nl,wa_M_039,24,Ik heb menig studentenkamer gezien wat meer op een schoonmaak hok leek,xD / Hahahahaha / Ja idd,tease_banter,0.32,0.43,minimal_ack,0.84,0.30000000000000004,0.30000000000000004,0.12,,True,18,70,3,300.0,False,False,True,False,0.0,False,False,False,0.0,True,20.0,21
base,whatsapp_nl,wa_M_039,31,Hoelaat? / Waar? / Ik mis de rug,In de offerhauszaal van [REMOVED] tot [REMOVED],miss_longing,0.87,0.64,ignore_change_topic,0.98,0.01,0.14,0.1,,True,47,26,1,-240.0,False,False,False,False,0.16666666666666666,False,False,False,0.0,True,21.0,14
base,whatsapp_nl,wa_M_039,44,Good luck ,Dankje! / Jij ook,caring_checkin,0.98,0.86,reciprocate,0.73,0.73,0.36,0.18,,True,14,12,2,1140.0,False,False,False,False,0.0,False,True,False,0.0,True,3.0,1
base,whatsapp_nl,wa_M_040,6,"Jaa inderdaad, dat is helemaal waar. Yes, goed idee :) Dankjewel in ieder geval dat je ze hebt opgeruimd!",Haha tuurlijk :),reassurance_validation,0.6000000000000001,0.8200000000000001,minimal_ack,0.86,0.8,0.35000000000000003,0.08,,True,16,105,1,660.0,False,False,True,False,0.0,False,False,True,,False,,0
base,whatsapp_nl,wa_M_040,14,Van harte lief huisgenootje!!! ,Dankjewel lieve [REMOVED]!! ,pet_name_greeting,0.72,2.81,reciprocate,0.74,2.3,0.86,0.16,,True,29,33,1,660.0,False,False,False,False,0.0,False,False,True,,False,,0
base,whatsapp_nl,wa_M_042,164,Joehoeeeee wakker worden...je bent JARIG! Gefeliciteerd sister! Maak er maar alvast een feestje van met die tantes;)! Tot straks!! Xx,Dankjewelllll  Werk ze en tot straks! Xxx,pet_name_greeting,0.48,1.45,simple_thanks,0.39,1.15,0.75,0.12,,True,42,133,1,1980.0,False,False,False,False,0.2857142857142857,False,False,True,,False,,0
base,whatsapp_nl,wa_M_042,166,Haha nu is het mijn beurt: Gefeliciteerd sister met je vaste contract!!  Super goed! Dat wordt driedubbel feesten vanavond ;) Xxx,Haha thanks! Goede timing vanavond;)! / En iets leuks / <Media weggelaten>,pet_name_greeting,0.32,1.76,simple_thanks,0.42,1.5,0.78,0.26,,True,68,130,3,420.0,False,False,True,False,0.2,False,False,False,0.0,True,68.0,3
base,whatsapp_nl,wa_M_042,192,<Media weggelaten> / Ohohhhhh dan moet je opletten:(! Maar zo kun je het wel zien toch?,Oke top! We gaan het nu zoeken :) Dankjewellll sister! Xx,caring_checkin,0.67,0.8200000000000001,simple_thanks,0.39,1.45,0.6900000000000001,0.11,,True,57,84,1,8160.0,False,False,False,False,0.1,False,False,False,0.0,True,24.0,1
base,whatsapp_nl,wa_M_042,206,Heb je je koffer ook alweer gepakt;)! Ikke wel!,Haha goed zo! Wij ook zo goed als / Nu nog even genieten van de laatste avond / Jullie alvast een fijne vakantie!! :),tease_banter,0.8200000000000001,1.38,engage_enthusiastic,0.30000000000000004,0.9400000000000001,0.52,0.06,,True,111,47,3,-540.0,False,False,True,False,0.05263157894736842,False,True,False,0.0,True,136.0,4
base,whatsapp_nl,wa_M_043,225,Lekker! / Heel goed bezig!,Gestuurd!,reassurance_validation,0.8300000000000001,0.88,ignore_change_topic,0.97,0.05,0.17,0.09,,True,9,23,1,1440.0,False,False,False,False,0.0,False,False,False,0.0,True,43.0,2
base,whatsapp_nl,wa_M_043,251,<Media weggelaten> / Ik ook,Waar?,love_declaration,0.37,0.98,ignore_change_topic,0.52,0.09,0.45,0.23,,True,5,24,1,0.0,False,False,False,True,0.0,False,False,False,0.0,True,12.0,6
base,whatsapp_nl,wa_M_044,204,Wat een geniaal beest,Hahahahha vertel (:,compliment_direct,0.74,1.07,engage_enthusiastic,0.97,0.93,0.72,0.1,,True,19,21,1,-180.0,False,False,False,False,0.0,False,False,False,0.0,True,10.0,13
base,whatsapp_nl,wa_M_044,208,Smakelijk bij de bbq,Danku / Maar wat deed ze dan? / Haha,caring_checkin,0.5700000000000001,0.43,simple_thanks,0.44,0.74,0.43,0.11,,True,30,20,3,-180.0,False,False,True,True,0.0,False,False,False,0.0,True,124.0,9
base,whatsapp_nl,wa_M_044,220,"Mooi dat day leuk was !! Alleen met mij was t sws nog leuker haha / Hahaha nou louis vader komt uit belgie en wij waren met zn [REMOVED] (en dima) bij iemand ofzo en toen hadden we t over vlaams en louis zeidat marokkanse belgen heel grappig waren en toen zeo die 'moet ik u soms op uw gezicht kloppen ofzo' en dat was erg grappig hahaha / Ahh dan is t al helemaal balen, als t niet modig was / Hoe ging t bij jou? / En ja dat hadden ze me ook gewappt in t team wapp / Maar balen / Mooie fotos btw","Bij mij ging het juist best goed! Oké, mn blok sloot niet zo goed aan, maar verdedigend en serverend (en aanvallend ook wel, maar de middens kregen niet zoveel setups) ging het eigenlijk echt goed! Ik stoorde me alleen gruwelijk aan [REMOVED] die echt totaal niet luistert als ik dr iets vraag (bijv. of ze haar blok verder naar links wil zetten omdat ik de midden anders niet af kan blokken); en de [REMOVED] hebben echt zo belachelijk veel ballen fout geslagen en geserveerd, pfoei! / Maar mooi dat",tease_banter,0.9,1.8599999999999999,ignore_change_topic,0.96,0.2,0.18,0.13,,True,564,479,3,540.0,False,False,True,False,0.2631578947368421,False,True,False,0.0,True,49.0,20
base,whatsapp_nl,wa_M_046,10,Schat! Hoe is t met je? Maandag ook weer naar college? Ik mis je! Als we dalijk beetje regelmaat van studie hebben gauw iets afspreken,"Hee lieffie! Gaat goed! Nee geen colleges meer voor mij, hoef dit jaar alleen nog maar mn scriptie te schrijven / Zat heel toevallig gister nog aan je te denken! / Moeten indd snel weer afspreken. Wil sws snel naar jullie huisje komen kijken",pet_name_greeting,0.52,2.68,reciprocate,0.55,2.55,0.85,0.07,,True,235,136,3,3000.0,False,False,False,False,0.10256410256410256,False,False,True,,False,,0
base,whatsapp_nl,wa_M_046,14,Lieverd / Wil jij voor mij ff een enquete invullen? Is een opdr voor school.. duurt ongeveer [REMOVED] / Wat is je mailadres ook alweer,Ja hoor is goed / Doe t vnv of anders morgen,pet_name_greeting,1.0,2.23,ignore_change_topic,0.92,0.4,0.31,0.09,,True,41,130,2,60.0,False,False,False,False,0.1,False,False,False,0.0,True,8.0,3
base,whatsapp_nl,wa_M_047,64,Ik heb net een meloen geslacht en die neem ik dan mee zodat we dat tijdens het kokkerellen kunnen opeten ;) wen soort minilunch / Een*,"Hahaha / Geslacht  / En nou, neem maar mee die meloen!  Lekker :D",invitation_plan,0.54,1.69,tease_back,0.5,1.1400000000000001,0.77,0.07,,True,60,131,3,0.0,False,False,True,False,0.5454545454545454,False,False,False,0.0,True,108.0,4
base,whatsapp_nl,wa_M_048,29,"Goed bezig!! De eerste kilometers zitten er weer op dus :) Ik was even wakker, maar ga nog even verder slapen haha. Laat je het weten als je binnen bent straks? Succes! :) Xxx",Welterusten.,affectionate_goodbye,0.52,1.65,minimal_ack,0.81,0.55,0.14,0.09,,True,12,175,1,1320.0,False,False,False,False,0.0,False,False,True,,False,,0
base,whatsapp_nl,wa_M_048,37,"Oke, super! Gaat alles nog goed met de voeten? Succes nog met de laatste loodjes en tot straks! :)",Voetjes doen wel wat zeer maar is niet hinderlijk. Tot straks. / Nog een klein half uurtje,caring_checkin,0.97,0.99,ignore_change_topic,0.8,0.53,0.16,0.06,,True,87,98,2,120.0,False,False,False,False,0.1875,False,False,False,0.0,True,115.0,1
base,whatsapp_nl,wa_M_048,40,Weer heerlijk gegeten en de voetjes laten rusten? / <Media weggelaten> / Dit is de brief,Ja lekker gegeten. Nu even douchen en dan nog wat drinken en dan naar bed,caring_checkin,0.7000000000000001,1.24,ignore_change_topic,0.93,0.18,0.21,0.06,,True,73,82,1,60.0,False,False,False,False,0.15384615384615385,False,False,False,1.0,True,67.0,1
base,whatsapp_nl,wa_M_048,56,"Oke, we gaan zo dus we zijn er in ieder geval op tijd! Succes nog en tot straks  / We staan weer onder die witte tent, laat maar weten als jullie er bijna zijn :) / Wat heb je aan/op?",Zijn nu bij de Mac / Blauw shirt en zonnebril. Zwarte handdoek om de nek,caring_checkin,0.9,0.96,ignore_change_topic,0.99,0.01,0.16,0.08,,True,69,178,2,1320.0,False,False,False,False,0.15384615384615385,False,False,True,,False,,0
base,whatsapp_nl,wa_M_048,58,"Hey, we zijn weer veilig in nederland aangekomen. Super leuke vakantie gehad :) Hoe gaat het daar? Kan ik morgen met jou mee naar huis rijden? Ga nu naar [REMOVED] toe. Xxx","Hier is alles goed. Zijn vandaag wezen fietsen want we waren allbei vrij. Goed om te horen dat jullie een super leuke vakantie hebben gehad. Vertel morgen maar. Je kan meerijden, ik ga om half [REMOVED] naar huis.",invitation_plan,0.78,1.65,ignore_change_topic,0.8,0.93,0.34,0.08,,True,213,172,1,360.0,False,False,False,False,0.3611111111111111,False,False,False,0.0,True,96.0,1
base,whatsapp_nl,wa_M_049,11, Dus je Hoeft niet meteen onzeker te worden mocht je die drie dadelijk niet gehaald hebben , Bevalt de uni wel verder? ,reassurance_validation,0.97,0.48,ignore_change_topic,1.0,0.02,0.08,0.13,,True,27,91,1,0.0,False,False,False,True,0.0,False,False,False,,False,,15
base,whatsapp_nl,wa_M_050,16,Haha nou. Ik durfde niet / En mn moeder duwde me ergens naar binnen / En toen was ik boos / Maar ik zag je al / En toen wilde ik weg / Maar dat lukte niet meer / ,Hahaha ik ben niet eng,vulnerable_share,0.85,1.4100000000000001,tease_back,0.65,1.42,0.66,0.25,,True,22,145,1,60.0,False,False,True,False,0.4,False,False,False,0.0,True,111.0,22
base,whatsapp_nl,wa_M_050,19,"Ik wil je ooit wel eens zien, het was altijd erg grappig op msn :D",Haha ik vind dat we dat best eens kunnen doen,invitation_plan,0.63,1.33,reciprocate,0.51,1.09,0.73,0.23,,True,45,66,1,60.0,False,False,True,False,0.2222222222222222,False,False,False,0.0,True,5.0,19
base,whatsapp_nl,wa_M_050,20,Haha ik vind dat we dat best eens kunnen doen,Ja :),invitation_plan,0.99,1.08,minimal_ack,0.9500000000000001,0.98,0.61,0.2,,True,5,45,1,0.0,False,False,False,False,0.0,False,False,False,0.0,True,4.0,18
base,whatsapp_nl,wa_M_050,23,Kan wel een keer mee met mn huisgenoot als ie naar grun gaat. Moet ij wel bij je slapen :p,Haha helaas woon ik straks in nijmegen :(,invitation_plan,0.44,1.96,ignore_change_topic,0.46,0.52,0.32,0.27,,True,41,90,1,60.0,False,False,True,False,0.0,False,False,False,0.0,True,39.0,15
base,whatsapp_nl,wa_M_050,27,Jij namelijk :D / Je zou t eng vinden ofniet,"Hahaha ja ik :) nou niet zo zeer eng, meer gek",tease_banter,0.78,1.9100000000000001,deflate_humor,0.48,1.45,0.7000000000000001,0.47000000000000003,,True,46,41,1,60.0,False,False,True,False,0.1,False,False,False,1.0,True,89.0,11
base,whatsapp_nl,wa_M_050,29,Gek zeker haha / Moeten we maar doen dan / Ookal is t compleet gek :) / Gaan we nijmegen verkennen,Haha ja! / Hebben we later geen spijt dat we het nooit hebben gedaan / Elkaar hebben ontmoet,invitation_plan,1.0,1.9,engage_enthusiastic,0.8300000000000001,1.8399999999999999,0.85,0.27,,True,86,89,3,180.0,False,False,True,False,0.15384615384615385,False,False,False,1.0,True,40.0,9
base,whatsapp_nl,wa_M_050,30,Haha ja! / Hebben we later geen spijt dat we het nooit hebben gedaan / Elkaar hebben ontmoet,Goed dat je dat laatste even toevoegde / :p,vulnerable_share,0.46,1.9100000000000001,tease_back,0.9400000000000001,1.69,0.73,0.41000000000000003,,True,40,86,2,1380.0,False,False,False,False,0.14285714285714285,False,False,False,1.0,True,62.0,8
base,whatsapp_nl,wa_M_050,31,Goed dat je dat laatste even toevoegde / :p,"Haha ja dacht ik ook, moet het wel een beetje netjes houden :p",tease_banter,0.75,1.38,tease_back,0.6900000000000001,1.28,0.72,0.38,,True,62,40,1,2940.0,False,False,True,False,0.07692307692307693,False,True,False,1.0,True,9.0,7
base,whatsapp_nl,wa_M_050,32,"Haha ja dacht ik ook, moet het wel een beetje netjes houden :p",Do we ? ,tease_banter,0.59,1.55,tease_back,0.65,1.2,0.66,0.33,,True,9,62,1,1320.0,False,False,False,True,0.0,False,False,False,0.0,True,4.0,6
base,whatsapp_nl,wa_M_050,33,Do we ? ,wat?,emoji_or_kiss_only,0.30000000000000004,1.1400000000000001,minimal_ack,0.42,0.06,0.30000000000000004,0.26,,True,4,9,1,2700.0,False,False,False,True,0.0,False,False,False,1.0,True,45.0,5
base,whatsapp_nl,wa_M_050,35,Moeten we het netjes houden? ;) grapjeeeeeeee,Hahahaha / Niks moet,tease_banter,0.97,1.94,minimal_ack,0.21,1.27,0.74,0.17,,True,17,45,2,720.0,False,False,True,False,0.0,False,False,False,1.0,True,1.0,3
base,whatsapp_nl,wa_M_050,36,Hahahaha / Niks moet,,tease_banter,0.81,1.43,minimal_ack,0.92,1.13,0.59,0.26,,True,1,17,1,120.0,False,False,False,False,0.0,False,False,False,1.0,True,6.0,2
base,whatsapp_nl,wa_M_050,37,,Hahaha,emoji_or_kiss_only,0.84,0.7000000000000001,minimal_ack,0.98,0.63,0.62,0.09,,True,6,1,1,0.0,False,False,True,False,0.0,False,False,False,0.0,True,22.0,1
base,whatsapp_nl,wa_M_051,1169," / Hihi, ik kan dat poppetje echt niet sturen/ontvangen zonder aan [REMOVED] te denken :p / Maar dat terzijde 😇 / Ça va madame? / Watcha dooooooin'?",Haha ik dus ook haha.. sorry even tv kijkee dalijk ema's! Maar met mij gaat ie goed en met jou?,vulnerable_share,0.46,1.7000000000000002,ignore_change_topic,0.36,0.93,0.52,0.29,,True,95,137,1,60.0,False,True,True,True,0.1111111111111111,False,True,False,0.0,True,118.0,90
base,whatsapp_nl,wa_M_051,1172,Mama vroegen nog hoe het ging vndaag.  Haha week nie maar ben niewsgierig / Gelukkig btw dat je weer beter wordt,"Hihi, ja, heb afgelopen donderdag bloed geprikt (antibiotica is niet aangeslagen) maar t voelt nu eindelijk alsof ik beter aan t worden ben :) / Hoe is t met je ouders? / Hallo hallo, waar is mn wifi?",caring_checkin,0.81,0.9400000000000001,reciprocate,0.31,1.0,0.52,0.22,,True,194,109,3,0.0,False,False,True,True,0.16666666666666666,False,False,False,0.0,True,17.0,87
base,whatsapp_nl,wa_M_052,33,Oh arm kind! / 😕,En dan nog heen en terug z[REMOVED] / Even wat anders dan de uni,caring_checkin,0.36,1.15,ignore_change_topic,0.86,0.16,0.19,0.16,,True,61,13,2,-300.0,False,True,False,False,0.0,False,False,False,0.0,True,25.0,8
base,whatsapp_nl,wa_M_053,480,Alles goed daar?,Yep. Filmpje kijken :p,caring_checkin,0.9500000000000001,0.46,ignore_change_topic,0.5,0.42,0.23,0.07,,True,22,16,1,2760.0,False,False,False,False,0.0,False,False,False,1.0,True,22.0,2
base,whatsapp_nl,wa_M_053,482,Ah goed zo / Bijna klaar?,Denk het wel ja,caring_checkin,0.68,0.65,ignore_change_topic,0.45,0.05,0.18,0.07,,True,15,22,1,60.0,False,False,False,False,0.0,False,False,True,,False,,0
base,whatsapp_nl,wa_M_056,81,O okee is goed schat! Maakt niet uit :) / Bij Humphrey's / Hoe gaat het met je? En met je meoder? :),Humphrey's ken ik niet! Ik ga het even opzoeken zo :p / Met mij gaat het op zich goed. Had laatste twee dagen even mijn dag niet... Weer gedoe met m'n vader 😐 / Maar t gaat nu wel weer hoor! En met m'n moeder ook! Lief van je :),pet_name_greeting,0.99,2.23,reciprocate,0.27,1.01,0.52,0.17,,True,222,94,3,0.0,True,False,False,False,0.21052631578947367,False,True,False,1.0,True,122.0,37
base,whatsapp_nl,wa_M_056,83,"Hahaha! Wauw, een heuse primeur / O echt? Wat balen zeg :( / O gelukkig! Ook met die bestraling enzo? Kan ze het een beetje aan?","Ja het voelt niet fijn, ze kan niets op de huid hebben. Maar verder doet ze nog alles gelukkig / Ziet er chique aan waar je gaat eten zeg!! / Misschien kom ik vanavond ook wel 😛 hahahaha mee / Nee*",caring_checkin,0.59,1.45,tease_back,0.29,1.75,0.73,0.7000000000000001,,True,188,122,4,60.0,True,False,True,False,0.1891891891891892,False,True,False,0.0,True,42.0,35
base,whatsapp_nl,wa_M_056,87,We gaan wel een x met z'n tweeën!,Of de ober / Als t niet te duur is! :p,invitation_plan,0.99,1.42,tease_back,0.91,1.55,0.71,0.34,,True,35,33,2,0.0,False,False,False,False,0.0,False,False,False,0.0,True,31.0,31
base,whatsapp_nl,wa_M_056,98,  / Zo / [REMOVED] zegt ook altijd dat als ik een prinses ben hij een prins is 😛,"Maar goed, dat prinsessenplaatje zou je ook kunnen interpreteren als: ralph houdt gelukkig ook van uit eten gaan dus dan kan ik altijd mee / Hahaha yay",tease_banter,0.67,1.96,tease_back,0.41000000000000003,1.32,0.6900000000000001,0.14,,True,148,76,2,0.0,False,True,True,False,0.2,False,True,False,0.0,True,14.0,20
base,whatsapp_nl,wa_M_056,104,😮😮😮😮 / Hahaha je lijkt mij wel!,Maar vandaag hoef ik niet te betalen  / Hahaha erg he,compliment_direct,0.61,1.57,tease_back,0.8,1.71,0.8,0.32,,True,51,28,2,60.0,False,True,True,False,0.1,False,False,False,0.0,True,15.0,14
base,whatsapp_nl,wa_M_056,105,Maar vandaag hoef ik niet te betalen  / Hahaha erg he,Haa altijd fijn,tease_banter,0.74,1.37,minimal_ack,0.68,0.76,0.46,0.09,,True,15,51,1,0.0,False,False,True,False,0.0,False,False,False,1.0,True,26.0,13
base,whatsapp_nl,wa_M_056,107,Jij bent mijn inspiratie ,Nee super chill juist om zo vaak uit eten te gaan :p ik weet hoe je je voelt haha / Hahahahaha,compliment_direct,0.47000000000000003,1.67,ignore_change_topic,0.28,0.93,0.5700000000000001,0.13,,True,91,26,2,0.0,False,False,True,False,0.0,False,False,False,0.0,True,6.0,11
base,whatsapp_nl,wa_M_056,133,Yay! / Ik heb je zo lang niet meer gezien!  / Oeps / 〓,Ja klopt! ;( / :( / En dit weekend ben ik ook weg,miss_longing,0.9500000000000001,1.3,mock_offense,0.78,0.84,0.39,0.5,,True,43,48,3,60.0,False,False,False,False,0.1111111111111111,False,True,False,,True,20.0,9
base,whatsapp_nl,wa_M_057,232,Gut lieve schat wat dan?! / Viel het tegen meid?,"Ik moet even iets afmaken voor iemand, geef me een halfuur / Viel het tegen: nee. / Was het schokkend/confronterend: ja",pet_name_greeting,0.98,2.33,ignore_change_topic,0.86,0.1,0.26,0.43,,True,113,46,3,120.0,False,False,False,False,0.15789473684210525,False,False,False,0.0,True,40.0,41
base,whatsapp_nl,wa_M_057,270,[REMOVED] ik vind het heel vervelend voor je,....,reassurance_validation,0.65,0.9,minimal_ack,0.9400000000000001,0.0,0.12,0.67,,True,4,44,1,-240.0,False,False,False,False,0.0,False,False,False,1.0,True,34.0,3
base,whatsapp_nl,wa_M_057,272,Ja dat je ineens zulke dingen hebt,Ja dat snap ik ik kan er alleen nog niet zoveel op zeggen...het is zo verwarrend allemaal,reassurance_validation,0.8300000000000001,0.5700000000000001,ignore_change_topic,0.24,0.23,0.15,0.74,,True,89,34,1,-240.0,False,False,False,False,0.11764705882352941,False,False,False,,True,81.0,1
expand,whatsapp_nl,wa_M_003,1338, Tja  /  Ik zie wiedje na een lange tijd weer ❤️  /  Heb je morgen misschien tijd om me te helpen met m'n schulden?  /  Moet echt duizend euro ofzo over maken 😅 , Ja kom je wel ff helpen. ,miss_longing,0.8200000000000001,2.02,ignore_change_topic,0.8,0.30000000000000004,0.30000000000000004,0.11,0.81,True,26,152,1,0.0,False,True,False,False,0.3333333333333333,False,False,False,,True,50.0,19
expand,whatsapp_nl,wa_M_003,1346, Ja :(  /  Jij moet gewoon lekker bij mij blijven slapen , Als je nu thuis bent kom ik wel ,invitation_plan,0.8200000000000001,2.1,ignore_change_topic,0.56,1.62,0.8,0.18,0.8300000000000001,True,33,54,1,60.0,False,False,False,False,0.0,False,False,False,,True,137.0,11
expand,whatsapp_nl,wa_M_003,1347, Als je nu thuis bent kom ik wel , Ben nog niet thuis..  /  Net biertje open getrokken  /  Schatteke kom gewoon eventjes langs  /  Gaan we daarna naar huis  /  😇😇😇  /  Met je snapachtig ,invitation_plan,0.93,1.26,escalate,0.34,2.41,0.91,0.27,0.59,True,137,33,6,60.0,True,False,False,False,0.13636363636363635,False,False,False,,True,37.0,10
expand,whatsapp_nl,wa_M_003,1348, Ben nog niet thuis..  /  Net biertje open getrokken  /  Schatteke kom gewoon eventjes langs  /  Gaan we daarna naar huis  /  😇😇😇  /  Met je snapachtig , Wil zo wel komen. Als je thuis bent ,pet_name_greeting,0.5,2.48,ignore_change_topic,0.62,1.0,0.47000000000000003,0.2,0.93,True,37,137,1,0.0,False,True,False,False,0.25,False,False,False,,True,34.0,9
expand,whatsapp_nl,wa_M_003,1349, Wil zo wel komen. Als je thuis bent , [REMOVED] vind dat je moet komen ,miss_longing,0.34,1.24,escalate,0.46,1.81,0.75,0.28,0.65,True,34,37,1,120.0,False,False,False,False,0.3333333333333333,False,False,False,,True,61.0,8
expand,whatsapp_nl,wa_M_003,1350, [REMOVED] vind dat je moet komen , Vind het schraal omte komen voor jou en dan pleite te gaan. ,invitation_plan,0.54,1.73,mock_offense,0.22,0.58,0.24,0.2,0.73,True,61,34,1,180.0,False,False,False,False,0.16666666666666666,False,False,False,,True,17.0,7
expand,whatsapp_nl,wa_M_003,1354, Nietes  /  Krijg je wel extra kusje van me 😁  /  [REMOVED] vind t mooi , Nou vooruit. Kom ik ff de schrale haas uithange ,reassurance_validation,0.34,2.03,tease_back,0.98,1.78,0.79,0.28,0.9500000000000001,True,49,66,1,60.0,False,True,False,False,0.0,False,False,False,,True,32.0,3
expand,whatsapp_nl,wa_M_003,1355, Nou vooruit. Kom ik ff de schrale haas uithange , Neem je bier mee?  /  Of je ouzo? ,tease_banter,0.84,1.72,ignore_change_topic,0.9,1.06,0.6900000000000001,0.1,0.62,True,32,49,2,0.0,False,False,False,True,0.0,False,False,False,,True,70.0,2
expand,whatsapp_nl,wa_M_003,1375, Vond het de afgelopen tijd chill met je. samen slapen moet ook wel goed komen😉 , Ik ook met jou :). Hoop dat we nog vaak samen slapen!  /  Gaat wel raar worden nu haha ,innuendo_sexual,0.32,2.03,reciprocate,0.8300000000000001,2.02,0.87,0.58,0.9400000000000001,True,85,80,2,480.0,False,True,True,False,0.29411764705882354,False,True,False,,True,63.0,2
expand,whatsapp_nl,wa_M_003,1376, Ik ook met jou :). Hoop dat we nog vaak samen slapen!  /  Gaat wel raar worden nu haha , Gaat zeker lukken val.  /  Zal odd raar worden maar komt wel goe ,miss_longing,0.52,2.06,reciprocate,0.53,1.56,0.79,0.13,0.93,True,63,85,2,120.0,False,False,False,False,0.3333333333333333,False,False,False,,True,109.0,1
expand,whatsapp_nl,wa_M_003,1377, Gaat zeker lukken val.  /  Zal odd raar worden maar komt wel goe ," Fijn om te horen, vind het leuk met je!  /  Slaap lekker alvast en heel veel succes met je eerste stage dag! 😘 ",reassurance_validation,0.67,1.54,reciprocate,0.93,2.11,0.87,0.12,0.79,True,109,63,2,480.0,True,False,False,False,0.0,False,False,True,,False,,0
expand,whatsapp_nl,wa_M_003,2807, Was niet erg. 😉 , Tja ik vond vooral dat laatste ook niet erg 😇 ,reassurance_validation,0.9,1.49,tease_back,0.66,1.96,0.87,0.5700000000000001,0.63,True,47,17,1,60.0,True,True,False,False,0.2,False,True,False,,True,77.0,27
expand,whatsapp_nl,wa_M_003,2808, Tja ik vond vooral dat laatste ook niet erg 😇 , Idd dat ws helemaal niet erg  /  Nog kunnen douche zonder dat de deur om viel? ,reassurance_validation,0.38,1.9300000000000002,ignore_change_topic,0.4,1.28,0.73,0.18,0.79,True,77,47,2,120.0,False,True,False,True,0.21428571428571427,False,False,False,,True,79.0,26
expand,whatsapp_nl,wa_M_003,2809, Idd dat ws helemaal niet erg  /  Nog kunnen douche zonder dat de deur om viel? ," Haha ik durfde het niet aan, ben nog naar huis gegaan  /  Ik mol altijd alles :p ",caring_checkin,0.56,1.4100000000000001,tease_back,0.37,1.4100000000000001,0.64,0.66,0.63,True,79,77,2,0.0,False,False,True,False,0.13333333333333333,False,False,False,,True,8.0,25
expand,whatsapp_nl,wa_M_003,2810," Haha ik durfde het niet aan, ben nog naar huis gegaan  /  Ik mol altijd alles :p ", Hahaha ,self_deprecation_charm,0.62,1.53,minimal_ack,1.0,0.64,0.41000000000000003,0.2,0.54,True,8,79,1,240.0,False,False,True,False,0.0,False,False,False,,True,98.0,24
expand,whatsapp_nl,wa_M_003,2812, Ja maat  /  Wie weet was die wc van jou ook mijn schuld  /  Ge wit t nie  /  #alcohilistendoendommedingen , Was dat jou schuld ja? ,tease_banter,0.58,1.55,tease_back,0.96,0.99,0.55,0.14,0.54,True,24,98,1,300.0,False,False,False,True,0.8,False,False,False,,True,141.0,22
expand,whatsapp_nl,wa_M_003,2818, Jawel hamertje tik met het [numerical_value] bestuur  /  Samen eten en zuipen  /  Oh en visitatie is goed gegaan  /  Lekkere discussies weer  /  Lief dat je het vraagt , Mooi ,compliment_indirect,0.78,1.13,minimal_ack,0.98,0.59,0.21,0.06,0.54,True,6,157,1,180.0,False,False,False,False,0.0,False,False,False,,True,92.0,16
expand,whatsapp_nl,wa_M_003,2823, Je kusje was fijn hoor 😘 , Gelukkig maar 😇  /  Kan ik nog een kusje terug verwachten via een postduif of rooksignalen? ,compliment_indirect,0.30000000000000004,2.0,tease_back,0.97,2.0,0.9400000000000001,0.2,0.93,True,90,26,2,360.0,True,True,False,True,0.07142857142857142,False,False,False,,True,17.0,11
expand,whatsapp_nl,wa_M_003,2824, Gelukkig maar 😇  /  Kan ik nog een kusje terug verwachten via een postduif of rooksignalen? , Of van mijzelf😉 ,tease_banter,0.8200000000000001,2.02,tease_back,0.65,1.99,0.92,0.2,0.96,True,17,90,1,120.0,True,True,False,False,0.25,False,False,False,,True,5.0,10
expand,whatsapp_nl,wa_M_003,2825, Of van mijzelf😉 , Oh? ,tease_banter,0.41000000000000003,2.0,minimal_ack,0.88,0.8,0.61,0.47000000000000003,0.93,True,5,17,1,0.0,False,True,False,True,0.0,False,False,False,,True,6.0,9
expand,whatsapp_nl,wa_M_003,2828, Haha  /  Rare  /  Kom je naar mij dan?  /  Ben nu nog op de soos namelijk , Jaa hoor ,invitation_plan,0.88,1.8900000000000001,minimal_ack,0.5,1.48,0.84,0.12,0.86,True,10,66,1,60.0,False,False,False,False,0.0,False,False,False,,True,162.0,6
expand,whatsapp_nl,wa_M_003,2829, Jaa hoor , Maar schatje  /  Ze vragen nu of ik senior wil zijn met cantus  /  Haha  /  Ik moet weten hoelaat je naar mij komt  /  Schatje [REMOVED] is thuis  /  Die kan open doen sowieso ,invitation_plan,0.64,1.47,ignore_change_topic,0.67,2.73,0.84,0.23,0.85,True,162,10,6,60.0,False,False,True,False,0.0,False,False,False,,True,7.0,5
expand,whatsapp_nl,wa_M_003,2830, Maar schatje  /  Ze vragen nu of ik senior wil zijn met cantus  /  Haha  /  Ik moet weten hoelaat je naar mij komt  /  Schatje [REMOVED] is thuis  /  Die kan open doen sowieso , Prima ,pet_name_greeting,0.92,2.68,minimal_ack,0.92,0.09,0.23,0.11,0.93,True,7,162,1,60.0,False,False,False,False,0.0,False,False,False,,True,15.0,4
expand,whatsapp_nl,wa_M_003,2832, Okeeeeeee  /  ❤️ , Ik ga om [numerical_value] uur naar jou ,emoji_or_kiss_only,0.97,2.07,ignore_change_topic,0.99,0.16,0.39,0.08,0.93,True,41,15,1,120.0,False,True,False,False,0.0,False,False,False,,True,20.0,2
expand,whatsapp_nl,wa_M_003,2843, 😚  /  Sorry voor gisteren , Is kutter van jou en voor jou  /  Neem jij maar even je rust  /  Is niet erg. ,emoji_or_kiss_only,0.6900000000000001,1.6800000000000002,reciprocate,0.35000000000000003,2.09,0.71,0.29,0.74,True,73,24,3,1260.0,False,True,False,False,0.07142857142857142,False,False,False,,True,152.0,13
expand,whatsapp_nl,wa_M_003,2844, Is kutter van jou en voor jou  /  Neem jij maar even je rust  /  Is niet erg. , Ja ik mag van [REMOVED] niet naar de soos komen..  /  Ik ga thuis werken  /  Heb je wel goed kunnen slapen ondanks dat ik weer eens je nachtrust verstoorde? ,caring_checkin,0.33,1.78,ignore_change_topic,0.87,1.34,0.63,0.65,0.55,True,152,73,3,240.0,False,False,False,True,0.12,False,False,False,,True,123.0,12
expand,whatsapp_nl,wa_M_003,2845, Ja ik mag van [REMOVED] niet naar de soos komen..  /  Ik ga thuis werken  /  Heb je wel goed kunnen slapen ondanks dat ik weer eens je nachtrust verstoorde? , Jawel. Was toch al goed aangeschoten dus dan is het sochtends sowieso zwaar. Dus dat ik wakker ben geweest kan geen kwaad ,caring_checkin,0.9,1.45,deflate_humor,0.6900000000000001,1.23,0.5,0.17,0.75,True,123,152,1,960.0,False,False,False,False,0.14285714285714285,False,False,False,,True,71.0,11
expand,whatsapp_nl,wa_M_003,2847, Gelukkig  /  Haha hoorde al van [REMOVED] dat je redelijk beschonken was , Hahaha ja ,tease_banter,0.85,1.19,minimal_ack,0.97,0.67,0.49,0.22,0.53,True,11,71,1,300.0,False,False,True,False,0.0,False,False,False,,True,37.0,9
expand,whatsapp_nl,wa_M_003,2849, Goedzo!! Zo ken ik je het beste hah , Ik kom na stage even die trui van paul brengen. ,compliment_indirect,0.55,1.6800000000000002,ignore_change_topic,1.0,0.06,0.19,0.14,0.8200000000000001,True,49,37,1,180.0,False,False,False,False,0.1,False,False,False,,True,66.0,7
expand,whatsapp_nl,wa_M_003,2859, Aaah meid  /  Krijgt straks wel , Jeeeejjj  /  😘  /  Heeft [REMOVED] het niet over gisteren? Zou ik niet chill vinden ,pet_name_greeting,0.43,1.58,reciprocate,0.22,1.88,0.77,0.4,0.62,True,79,30,3,1320.0,True,False,False,True,0.0,False,False,False,,True,71.0,21
expand,whatsapp_nl,wa_M_003,2860, Jeeeejjj  /  😘  /  Heeft [REMOVED] het niet over gisteren? Zou ik niet chill vinden , Is wel ter sprake gekomen in de keuken maar niemand heeft het er over ,emoji_or_kiss_only,0.77,1.74,ignore_change_topic,0.96,0.02,0.21,0.16,0.79,True,71,79,1,120.0,False,True,False,False,0.21428571428571427,False,False,False,,True,91.0,20
expand,whatsapp_nl,wa_M_003,2865, Snap ik.  /  Kom je nog naar mij? , Dat wil ik wel graag. Maar als jij pas laat naar huis gaat dan snap ik dat wel 😉 ,invitation_plan,0.96,1.5,tease_back,0.43,1.96,0.85,0.52,0.74,True,82,32,1,60.0,True,False,False,False,0.1875,False,False,False,,True,28.0,15
expand,whatsapp_nl,wa_M_003,2866, Dat wil ik wel graag. Maar als jij pas laat naar huis gaat dan snap ik dat wel 😉 , Nee ga niet laat naar huis ,invitation_plan,0.49,1.96,ignore_change_topic,0.7000000000000001,0.66,0.47000000000000003,0.17,0.88,True,28,82,1,0.0,False,True,False,False,0.5,False,False,False,,True,27.0,14
expand,whatsapp_nl,wa_M_003,2868, Oke laat maar weten dikke , 👍  /  Drinke bier op en dan ga ik ,affectionate_goodbye,0.6000000000000001,1.34,ignore_change_topic,0.63,1.06,0.53,0.16,0.6900000000000001,True,32,27,2,0.0,True,False,False,False,0.0,False,False,False,,True,38.0,12
expand,whatsapp_nl,wa_M_003,8268, Ik ook schat , Haha  /  😊  /  Snel rijden! Mag je daarna nog een ritje maken in bed  /  Ben sex tape aan t kijken  /  Oh en zal ik pizza shoarma voor ons bestellen straks? ,pet_name_greeting,0.68,2.49,escalate,0.76,3.49,0.93,0.16,0.92,True,146,14,5,0.0,True,False,True,True,0.034482758620689655,False,False,False,,True,81.0,20
expand,whatsapp_nl,wa_M_003,8269, Haha  /  😊  /  Snel rijden! Mag je daarna nog een ritje maken in bed  /  Ben sex tape aan t kijken  /  Oh en zal ik pizza shoarma voor ons bestellen straks? , Inspiratie op doen voor straks?  /  Ja doe maar  /  Ik app wel als ik in de trein zit ,innuendo_sexual,0.96,3.33,tease_back,0.87,1.92,0.85,0.14,0.96,True,81,146,3,240.0,False,True,False,True,0.25,False,False,False,,True,18.0,19
expand,whatsapp_nl,wa_M_003,8270, Inspiratie op doen voor straks?  /  Ja doe maar  /  Ik app wel als ik in de trein zit , Hoelaat denk je? ,innuendo_sexual,0.78,1.82,ignore_change_topic,0.93,0.54,0.65,0.11,0.75,True,18,81,1,0.0,False,False,False,True,0.0,False,False,False,,True,47.0,18
expand,whatsapp_nl,wa_M_003,8275, Ik lig in bed  /  Heb zo'n honger 😭  /  Jij komt toch langs de appie in de stad?  /  😇 , Bestel maar vast loef  /  Ik warm wel op ,invitation_plan,0.31,1.8900000000000001,ignore_change_topic,0.77,1.24,0.47000000000000003,0.12,0.81,True,39,79,2,60.0,False,True,False,False,0.125,False,False,False,,True,11.0,13
expand,whatsapp_nl,wa_M_003,8283, Hahaha  /  Sorry  /  Verkeerde app  /  Nou ik ga bier halen voor m'n schatje , Oooh lief  /  Ik kom met de auto terug.  /  [REMOVED] heeft een auto mee ,pet_name_greeting,0.99,2.36,ignore_change_topic,0.44,1.3900000000000001,0.67,0.2,0.76,True,69,69,3,420.0,False,False,False,False,0.08333333333333333,False,False,False,,True,71.0,5
expand,whatsapp_nl,wa_M_003,8284, Oooh lief  /  Ik kom met de auto terug.  /  [REMOVED] heeft een auto mee , Oh oke :)  /  Laat maar weten hoelaat je bij mij bent  /  Dan bestel ik wel ,compliment_direct,0.4,1.31,ignore_change_topic,0.98,0.88,0.56,0.18,0.6900000000000001,True,71,69,3,300.0,False,False,False,False,0.07142857142857142,False,False,False,,True,59.0,4
expand,whatsapp_nl,wa_M_003,8295," Ja 😊  /  Jij bent zo lief he  /  Haha ik was zo moe, ben jij niet brak? ",   /  Nee helemaal noet  /  Niet ,compliment_direct,0.97,1.92,reciprocate,0.18,0.78,0.45,0.39,0.86,True,29,67,3,0.0,False,True,False,False,0.25,False,False,False,,True,7.0,5
expand,whatsapp_nl,wa_M_003,8299, Mazzelaar! , Jij wel? ,pet_name_greeting,0.6000000000000001,1.78,tease_back,0.56,0.6900000000000001,0.5700000000000001,0.19,0.63,True,10,12,1,0.0,False,False,False,True,0.0,False,False,False,,True,23.0,1
expand,whatsapp_nl,wa_M_003,8303, Haha schatje  /  Snel thuiskomen dan 😇 , Ben bijna klaar ,pet_name_greeting,0.9500000000000001,2.56,ignore_change_topic,0.99,0.04,0.26,0.07,0.93,True,17,37,1,0.0,False,True,False,False,0.0,False,False,False,,True,17.0,15
expand,whatsapp_nl,wa_M_003,8307, Oeeeeeehhhh  /  Misschien wacht ik wel naakt op je , Jaaaaa  ,innuendo_sexual,0.99,3.59,engage_enthusiastic,0.62,2.55,0.91,0.2,0.96,True,12,49,1,960.0,False,False,False,False,0.0,False,False,False,,True,25.0,11
expand,whatsapp_nl,wa_M_003,8308, Jaaaaa  , 😇 haha als je lief bent ,emoji_or_kiss_only,0.65,2.1,tease_back,0.97,2.03,0.91,0.17,0.8200000000000001,True,25,12,1,780.0,True,False,True,False,0.0,False,False,False,,True,74.0,10
expand,whatsapp_nl,wa_M_003,8309, 😇 haha als je lief bent , Hoe kan dat nou vanuit de auto?  /  Rond [numerical_value] thuis denk ik  /   ,tease_banter,0.88,2.05,tease_back,0.45,1.71,0.75,0.37,0.9500000000000001,True,74,25,3,1980.0,False,True,False,True,0.0,False,False,False,,True,80.0,9
expand,whatsapp_nl,wa_M_003,8310, Hoe kan dat nou vanuit de auto?  /  Rond [numerical_value] thuis denk ik  /   , Hihi 😊 probeer maar wat  /  Bij elk lief dingetje zal ik een kledingstuk uit doen ,tease_banter,0.31,1.6,tease_back,0.52,2.47,0.9400000000000001,0.16,0.67,True,80,74,2,60.0,True,False,True,False,0.06666666666666667,False,False,False,,True,33.0,8
expand,whatsapp_nl,wa_M_003,8311, Hihi 😊 probeer maar wat  /  Bij elk lief dingetje zal ik een kledingstuk uit doen , <‎afbeelding weggelaten>  /  Kusje ,innuendo_sexual,0.81,2.95,minimal_ack,0.47000000000000003,1.88,0.8200000000000001,0.41000000000000003,0.97,True,33,80,2,60.0,False,True,False,False,0.0,False,False,False,,True,47.0,7
expand,whatsapp_nl,wa_M_003,8312, <‎afbeelding weggelaten>  /  Kusje , Hahaha  /  Oke dat zijn al twee kledingstukken 😍 ,emoji_or_kiss_only,0.91,1.8599999999999999,tease_back,0.79,2.17,0.93,0.12,0.91,True,47,33,2,0.0,True,False,True,False,0.0,False,False,False,,True,62.0,6
expand,whatsapp_nl,wa_M_003,8313, Hahaha  /  Oke dat zijn al twee kledingstukken 😍 , <‎afbeelding weggelaten>  /  Hard rijden  /  Ben ik eerder bij jou ,innuendo_sexual,0.56,2.4,ignore_change_topic,0.76,1.94,0.87,0.14,0.96,True,62,47,3,960.0,False,True,False,False,0.0,False,False,False,,True,70.0,5
expand,whatsapp_nl,wa_M_003,8314, <‎afbeelding weggelaten>  /  Hard rijden  /  Ben ik eerder bij jou , Geen foto's maken tijdens t rijden!!!  /  Anders trek ik alles weer aan ,tease_banter,0.41000000000000003,1.75,tease_back,0.76,1.9100000000000001,0.6900000000000001,0.17,0.88,True,70,62,2,60.0,False,False,False,False,0.16666666666666666,False,False,False,,True,19.0,4
expand,whatsapp_nl,wa_M_003,8315, Geen foto's maken tijdens t rijden!!!  /  Anders trek ik alles weer aan , Oooh niet eerlijk ,tease_banter,0.71,1.9300000000000002,mock_offense,0.89,1.49,0.79,0.32,0.85,True,19,70,1,2580.0,False,False,False,False,0.0,False,False,False,,True,63.0,3
expand,whatsapp_nl,wa_M_003,8316, Oooh niet eerlijk , Hahaha  /  Ik zit al zonder sokken en schoenen!  /  Al in de trein? ,mock_offense_pout,0.93,1.6800000000000002,tease_back,0.88,2.09,0.91,0.17,0.77,True,63,19,3,1620.0,False,False,True,True,0.0,False,False,False,,True,49.0,2
expand,whatsapp_nl,wa_M_003,8317, Hahaha  /  Ik zit al zonder sokken en schoenen!  /  Al in de trein? , Jaa net  /  Over [numerical_value] min in nijmegen ,tease_banter,0.8,2.01,ignore_change_topic,0.98,0.4,0.53,0.11,0.91,True,49,63,2,180.0,False,False,False,False,0.125,False,False,False,,True,20.0,1
expand,whatsapp_nl,wa_M_036,205,Wilde je iets doen dsn? / Haha / Ja / Je hebt geen leven met mij,Nee / Maar gewoon,tease_banter,0.77,1.8900000000000001,polite_decline,0.77,0.6900000000000001,0.33,0.67,0.68,True,14,55,2,0.0,False,False,False,False,0.0,False,False,False,,True,14.0,146
expand,whatsapp_nl,wa_M_036,230,O / Maar als je nog veel moet doen / Dan blijf ik wel even thuus,Ja ga zo beginnen hoor!,caring_checkin,0.84,1.08,tease_back,0.33,0.98,0.53,0.28,0.52,True,23,58,1,60.0,False,False,False,False,0.0,False,False,False,,True,44.0,121
expand,whatsapp_nl,wa_M_036,232,Ja goed pop / Maar goed dat ik dan thuis blijf?,Oja hoor,pet_name_greeting,0.55,1.8399999999999999,minimal_ack,0.62,0.84,0.48,0.18,0.56,True,8,44,1,0.0,False,False,False,False,0.0,False,False,False,,True,3.0,119
expand,whatsapp_nl,wa_M_036,237,Maar dat vind ik zo zielig! / Zolang ik die twee h's masr even heb gelezdn,Nou en / Ja,caring_checkin,0.31,1.16,minimal_ack,0.9,0.1,0.25,0.4,0.52,True,8,71,2,0.0,False,False,False,False,0.0,False,False,False,,True,14.0,114
expand,whatsapp_nl,wa_M_036,241,Ja / Doei pop / Ik ga bezig,Doei,affectionate_goodbye,0.56,1.67,minimal_ack,0.76,0.14,0.15,0.06,0.66,True,4,22,1,0.0,False,False,False,False,1.0,False,False,False,,True,9.0,110
expand,whatsapp_nl,wa_M_036,244,Pop,Doei...... / Ja!,pet_name_greeting,0.6900000000000001,1.37,minimal_ack,0.33,1.07,0.52,0.30000000000000004,0.52,True,13,3,2,0.0,False,False,False,False,0.0,False,False,False,,True,8.0,107
expand,whatsapp_nl,wa_M_036,246,Pop /  / 😗😙,Hahaha ja!,emoji_or_kiss_only,0.44,2.07,minimal_ack,0.67,1.16,0.8,0.16,0.8,True,10,8,1,120.0,False,True,True,False,0.0,False,False,False,,True,16.0,105
expand,whatsapp_nl,wa_M_036,260,Doei pop,"Ja"" / ! / ",affectionate_goodbye,0.8,1.83,minimal_ack,0.37,0.84,0.47000000000000003,0.68,0.6000000000000001,True,9,9,3,0.0,False,False,False,False,0.0,False,False,False,,True,14.0,91
expand,whatsapp_nl,wa_M_036,263,Waarom ben je niet hier? ,Jouw axguld / Schuld / Kan nog wel / Fiets ik ju / Bn ik er half / Fiets [REMOVED] weer terug,miss_longing,0.9400000000000001,2.03,ignore_change_topic,0.6000000000000001,1.31,0.43,0.52,0.64,True,78,27,6,0.0,False,False,False,False,0.0,False,False,False,,True,45.0,88
expand,whatsapp_nl,wa_M_004,476,Thanks 😘 / U da best / Native Beuningenaar,Hahah da real MVP,emoji_or_kiss_only,0.2,1.77,tease_back,0.53,0.99,0.55,0.07,0.64,True,17,36,1,0.0,False,True,True,False,0.25,False,False,False,,True,24.0,5
